Date,AAPL,MSFT,NVDA,SPY
2020-01-02,72.40052032470703,152.158447265625,5.971076488494873,297.6989440917969
2020-01-03,71.69664764404297,150.2637481689453,5.875504016876221,295.4446716308594
2020-01-06,72.2679214477539,150.65216064453125,5.900144100189209,296.5718688964844
2020-01-07,71.92807006835938,149.27859497070312,5.97157621383667,295.7380065917969
2020-01-08,73.08509826660156,151.6562957763672,5.982776641845703,297.3140869140625
2020-01-09,74.63748168945312,153.55093383789062,6.048482894897461,299.3302307128906
2020-01-10,74.80622100830078,152.8404541015625,6.080836296081543,298.4686279296875
2020-01-13,76.4044189453125,154.67825317382812,6.271485328674316,300.5213317871094
2020-01-14,75.3727035522461,153.5888671875,6.154508590698242,300.0631408691406
2020-01-15,75.0497055053711,154.58352661132812,6.111947536468506,300.7413024902344
2020-01-16,75.98979949951172,157.41604614257812,6.195574760437012,303.2429504394531
2020-01-17,76.83106231689453,158.29701232910156,6.204286098480225,304.1867980957031
2020-01-21,76.3104019165039,157.72865295410156,6.170934677124023,303.591064453125
2020-01-22,76.58280944824219,156.9707489013672,6.224944114685059,303.6278991699219
2020-01-23,76.95161437988281,157.93704223632812,6.2933878898620605,303.97613525390625
2020-01-24,76.72982025146484,156.34552001953125,6.234152317047119,301.2727355957031
2020-01-27,74.47360229492188,153.73095703125,5.978295803070068,296.4436340332031
2020-01-28,76.58038330078125,156.74342346191406,6.171682357788086,299.55010986328125
2020-01-29,78.18339538574219,159.1875,6.111202239990234,299.3027038574219
2020-01-30,78.07009887695312,163.67774963378906,6.117923259735107,300.27392578125
2020-01-31,74.60858917236328,161.26210021972656,5.884464263916016,294.8216247558594
2020-02-03,74.40367889404297,165.19349670410156,5.981531143188477,297.0116882324219
2020-02-04,76.8600082397461,170.63113403320312,6.150774955749512,301.53851318359375
2020-02-05,77.48677062988281,170.42269897460938,6.241121292114258,305.02069091796875
2020-02-06,78.39311218261719,173.9562225341797,6.3279829025268555,306.047119140625
2020-02-07,77.32756042480469,174.20257568359375,6.261779308319092,304.41595458984375
2020-02-10,77.69480895996094,178.7591094970703,6.545013904571533,306.6885681152344
2020-02-11,77.2260513305664,174.7235565185547,6.667466163635254,307.22003173828125
2020-02-12,79.05999755859375,174.9793243408203,6.783199787139893,309.19940185546875
2020-02-13,78.49701690673828,174.03201293945312,6.739396572113037,308.8695373535156
2020-02-14,78.516357421875,175.58555603027344,7.212532043457031,309.3642883300781
2020-02-18,77.07866668701172,177.3665771484375,7.3812785148620605,308.5671691894531
2020-02-19,78.19497680664062,177.8984832763672,7.832512855529785,310.0424499511719
2020-02-20,77.39276885986328,175.18174743652344,7.68317985534668,308.7686767578125
2020-02-21,75.64099884033203,169.64381408691406,7.319055557250977,305.58892822265625
2020-02-24,72.04801940917969,162.32948303222656,6.80161714553833,295.453857421875
2020-02-25,69.6075668334961,159.6508331298828,6.522116184234619,286.5010070800781
2020-02-26,70.7118148803711,161.6455841064453,6.661492824554443,285.4471740722656
2020-02-27,66.08951568603516,150.25625610351562,6.290676593780518,272.62725830078125
2020-02-28,66.05086517333984,153.89439392089844,6.72574520111084,271.4818420410156
2020-03-02,72.20023345947266,164.13436889648438,6.884133338928223,283.2388610839844
2020-03-03,69.90721893310547,156.26914978027344,6.62164831161499,275.12896728515625
2020-03-04,73.14982604980469,162.00657653808594,7.085354804992676,286.6935119628906
2020-03-05,70.77706909179688,157.9409637451172,6.805936336517334,277.16326904296875
2020-03-06,69.8371353149414,153.47640991210938,6.625382900238037,272.5815124511719
2020-03-09,64.31356811523438,143.07493591308594,6.11236572265625,251.2943115234375
2020-03-10,68.94554901123047,152.8589630126953,6.501860618591309,264.29754638671875
2020-03-11,66.55101776123047,145.93414306640625,6.138016223907471,251.41346740722656
2020-03-12,59.978797912597656,132.0940399169922,5.386921405792236,227.3589324951172
2020-03-13,67.16475677490234,150.87368774414062,5.997809886932373,246.7949676513672
2020-03-16,58.52421569824219,128.63636779785156,4.891088962554932,219.78973388671875
2020-03-17,61.097537994384766,139.22784423828125,5.410829544067383,231.65670776367188
2020-03-18,59.60186767578125,133.3668975830078,5.050970554351807,219.92721557617188
2020-03-19,59.14519119262695,135.56118774414062,5.303743362426758,220.39453125
2020-03-20,55.390323638916016,130.46969604492188,5.123939037322998,210.8968505859375
2020-03-23,54.213600158691406,129.16827392578125,5.296769142150879,205.50460815429688
2020-03-24,59.65260696411133,140.90911865234375,6.205506801605225,224.12399291992188
2020-03-25,59.323997497558594,139.56027221679688,6.11685037612915,227.4791717529297
2020-03-26,62.44580841064453,148.28994750976562,6.40623140335083,240.7616729736328
2020-03-27,59.860408782958984,142.20098876953125,6.293915271759033,233.5903778076172
2020-03-30,61.56869888305664,152.20352172851562,6.614176273345947,241.17636108398438
2020-03-31,61.44304275512695,149.80975341796875,6.564619064331055,237.58151245117188
2020-04-01,58.21009063720703,144.4902801513672,6.053343772888184,226.8892059326172
2020-04-02,59.18143081665039,147.48251342773438,6.362151145935059,232.124755859375
2020-04-03,58.33091354370117,146.1240997314453,6.074265003204346,228.76959228515625
2020-04-06,63.4195556640625,156.9910430908203,6.6841559410095215,244.13519287109375
2020-04-07,62.685001373291016,155.30023193359375,6.450809001922607,244.3840789794922
2020-04-08,64.28941345214844,156.8581085205078,6.648044586181641,252.5876922607422
2020-04-09,64.7533187866211,156.86756896972656,6.548431396484375,256.43133544921875
2020-04-13,66.0242691040039,157.2190399169922,6.720266342163086,254.0901336669922
2020-04-14,69.35871124267578,164.998779296875,7.071407794952393,261.583984375
2020-04-15,68.72566223144531,163.26995849609375,6.993958473205566,256.0258483886719
2020-04-16,69.271728515625,168.17147827148438,7.339123249053955,257.260986328125
2020-04-17,68.33181762695312,169.6533203125,7.279852867126465,264.2109069824219
2020-04-20,66.91346740722656,166.29066467285156,7.148610591888428,259.55609130859375
2020-04-21,64.84514617919922,159.413330078125,6.711799144744873,251.6751708984375
2020-04-22,66.71290588378906,164.8278045654297,7.126197338104248,257.260986328125
2020-04-23,66.45439910888672,162.8330078125,7.072903156280518,257.2425231933594
2020-04-24,68.37289428710938,165.8061981201172,7.21186637878418,260.828125
2020-04-27,68.42121887207031,165.33123779296875,7.39839506149292,264.58880615234375
2020-04-28,67.31214904785156,161.30364990234375,7.25594425201416,263.37213134765625
2020-04-29,69.52304077148438,168.54188537597656,7.4327616691589355,270.26690673828125
2020-04-30,70.98969268798828,170.23275756835938,7.2788567543029785,267.7505187988281
2020-05-01,69.84678649902344,165.82518005371094,7.042270183563232,260.66217041015625
2020-05-04,70.83505249023438,169.8813018798828,7.254202365875244,261.3811340332031
2020-05-05,71.89820861816406,171.70510864257812,7.315216064453125,263.79620361328125
2020-05-06,72.63999938964844,173.3959503173828,7.416076183319092,262.00799560546875
2020-05-07,73.39146423339844,174.40286254882812,7.59239387512207,265.1695861816406
2020-05-08,75.13829040527344,175.42874145507812,7.782408714294434,269.5571594238281
2020-05-11,76.32061767578125,177.38558959960938,8.03443431854248,269.6123962402344
2020-05-12,75.44841003417969,173.36746215820312,7.77244758605957,264.23858642578125
2020-05-13,74.53742980957031,170.74569702148438,7.750034809112549,259.5653076171875
2020-05-14,74.995361328125,171.4866485595703,7.99956750869751,262.6716003417969
2020-05-15,74.55197143554688,173.98487854003906,8.458046913146973,263.8791198730469
2020-05-18,76.30850219726562,175.64723205566406,8.716547012329102,271.9168395996094
2020-05-19,75.86754608154297,174.43136596679688,8.771583557128906,269.1238708496094
2020-05-20,77.34303283691406,176.85081481933594,8.935449600219727,273.6957702636719
2020-05-21,76.76642608642578,174.7266082763672,8.741455078125,271.80621337890625
2020-05-22,77.26067352294922,174.8028106689453,8.991483688354492,272.3223571777344
2020-05-26,76.7373275756836,172.9549102783203,8.684171676635742,275.6775207519531
2020-05-27,77.07169342041016,173.18348693847656,8.492414474487305,279.7793273925781
2020-05-28,77.10560607910156,172.79295349121094,8.454314231872559,279.26318359375
2020-05-29,77.03050231933594,174.55520629882812,8.841315269470215,280.5075378417969
2020-06-01,77.97782897949219,174.15513610839844,8.772330284118652,281.6412658691406
2020-06-02,78.33881378173828,176.1363983154297,8.791259765625,283.9732971191406
2020-06-03,78.77007293701172,176.56512451171875,8.735725402832031,287.7525329589844
2020-06-04,78.0916976928711,174.2408447265625,8.736721992492676,286.9966125488281
2020-06-05,80.31583404541016,178.31777954101562,8.889697074890137,294.352294921875
2020-06-08,80.79068756103516,179.42271423339844,8.775091171264648,297.9102478027344
2020-06-09,83.34188079833984,180.7943878173828,9.015271186828613,295.6888122558594
2020-06-10,85.48607635498047,187.5003204345703,9.334930419921875,294.0388488769531
2020-06-11,81.38184356689453,177.43186950683594,8.766366958618164,277.08782958984375
2020-06-12,82.0844497680664,178.8321533203125,8.902156829833984,280.40618896484375
2020-06-15,83.099609375,179.97523498535156,9.14258861541748,283.0239562988281
2020-06-16,85.30194091796875,184.38552856445312,9.037693977355957,288.47137451171875
2020-06-17,85.18321228027344,185.02371215820312,9.204623222351074,287.27313232421875
2020-06-18,85.2171401977539,187.00503540039062,9.186687469482422,287.3838195800781
2020-06-19,84.73017883300781,185.89056396484375,9.229787826538086,285.7414245605469
2020-06-22,86.947021484375,191.0534210205078,9.494386672973633,287.5745849609375
2020-06-23,88.80288696289062,192.32981872558594,9.417899131774902,288.8984069824219
2020-06-24,87.2353286743164,188.45294189453125,9.20412826538086,281.52899169921875
2020-06-25,88.39344787597656,190.83428955078125,9.457761764526367,284.54718017578125
2020-06-26,85.67747497558594,187.01458740234375,9.123899459838867,277.7887268066406
2020-06-29,87.65206909179688,189.0244598388672,9.168747901916504,281.87152099609375
2020-06-30,88.38372039794922,193.8538818359375,9.465486526489258,285.482177734375
2020-07-01,88.2165756225586,194.9874267578125,9.497626304626465,287.48193359375
2020-07-02,88.2165756225586,196.473388671875,9.579598426818848,289.0650939941406
2020-07-06,90.57637786865234,200.7027130126953,9.805827140808105,293.5274353027344
2020-07-07,90.29534149169922,198.36903381347656,9.838217735290527,290.5000915527344
2020-07-08,92.39830780029297,202.731689453125,10.18129825592041,292.7220153808594
2020-07-09,92.79566955566406,204.1510009765625,10.473299026489258,291.0555725097656
2020-07-10,92.95799255371094,203.53184509277344,10.443650245666504,294.0274353027344
2020-07-13,92.5291519165039,197.24497985839844,10.018099784851074,291.4814453125
2020-07-14,94.06034851074219,198.46426391601562,10.34174919128418,295.2587585449219
2020-07-15,94.70724487304688,198.16897583007812,10.19250774383545,297.9713134765625
2020-07-16,93.54187774658203,194.24444580078125,10.100322723388672,296.9900207519531
2020-07-17,93.35289001464844,193.25381469726562,10.166845321655273,297.8509521484375
2020-07-20,95.32022857666016,201.56002807617188,10.475043296813965,300.2581481933594
2020-07-21,94.00465393066406,198.8452911376953,10.293413162231445,300.8968811035156
2020-07-22,94.26872253417969,201.70291137695312,10.403290748596191,302.6096496582031
2020-07-23,89.97793579101562,192.92987060546875,10.095340728759766,298.9990234375
2020-07-24,89.75505065917969,191.74876403808594,10.159869194030762,297.07330322265625
2020-07-27,91.88227081298828,194.1777801513672,10.38609790802002,299.2397766113281
2020-07-28,90.37285614013672,192.43460083007812,10.180800437927246,297.3418273925781
2020-07-29,92.10515594482422,194.3778076171875,10.429947853088379,300.9986877441406
2020-07-30,93.21963500976562,194.22537231445312,10.577943801879883,299.9248352050781
2020-07-31,102.97868347167969,195.28273010253906,10.578691482543945,302.2949523925781
2020-08-03,105.57350158691406,206.265625,10.972846984863281,304.396484375
2020-08-04,106.27853393554688,203.1698455810547,11.189608573913574,305.57220458984375
2020-08-05,106.66376495361328,202.83648681640625,11.248407363891602,307.4700927734375
2020-08-06,110.38517761230469,206.0846405029297,11.296991348266602,309.5254211425781
2020-08-07,107.87545776367188,202.3982696533203,11.161456108093262,309.7476806640625
2020-08-10,109.44345092773438,198.36903381347656,11.12707233428955,310.6734313964844
2020-08-11,106.18861389160156,193.73004150390625,10.813143730163574,308.10894775390625
2020-08-12,109.71772766113281,199.26437377929688,11.401387214660645,312.4047546386719
2020-08-13,111.65945434570312,198.79762268066406,11.404129981994629,311.8399658203125
2020-08-14,111.55992889404297,198.98818969726562,11.524715423583984,311.84918212890625
2020-08-17,111.26866149902344,200.30262756347656,12.295090675354004,312.83978271484375
2020-08-18,112.19585418701172,201.4552764892578,12.219099998474121,313.5157165527344
2020-08-19,112.33662414550781,200.2330780029297,12.097265243530273,312.2102966308594
2020-08-20,114.82933044433594,204.8927459716797,12.099756240844727,313.1823425292969
2020-08-21,120.74677276611328,203.40316772460938,12.640417098999023,314.29327392578125
2020-08-24,122.19093322753906,204.04290771484375,12.677040100097656,317.4781494140625
2020-08-25,121.18852233886719,206.6974334716797,12.70668888092041,318.589111328125
2020-08-26,122.83656311035156,211.16610717773438,12.729610443115234,321.7831115722656
2020-08-27,121.36811828613281,216.3509979248047,12.585350036621094,322.4866943359375
2020-08-28,121.1715316772461,218.57582092285156,13.10308837890625,324.5698547363281
2020-08-31,125.28072357177734,215.34841918945312,13.329066276550293,323.3940124511719
2020-09-01,130.27099609375,217.0098419189453,13.778172492980957,326.44000244140625
2020-09-02,127.57192993164062,221.1920928955078,14.302042961120605,331.1615905761719
2020-09-03,117.35845184326172,207.48992919921875,12.97516918182373,319.764892578125
2020-09-04,117.43608856201172,204.57763671875,12.58338451385498,317.15411376953125
2020-09-08,109.53326416015625,193.5109100341797,11.876082420349121,308.48846435546875
2020-09-09,113.90213775634766,201.7512664794922,12.675599098205566,314.5803527832031
2020-09-10,110.18374633789062,196.09849548339844,12.27359676361084,309.11810302734375
2020-09-11,108.73714447021484,194.81898498535156,12.126805305480957,309.27545166015625
2020-09-14,111.99925231933594,196.13674926757812,12.832359313964844,313.3490295410156
2020-09-15,112.17401123046875,199.3545379638672,12.950742721557617,314.9321594238281
2020-09-16,108.86334228515625,195.79296875,12.475720405578613,313.682373046875
2020-09-17,107.12548828125,193.7495574951172,12.424878120422363,310.92340087890625
2020-09-18,103.72746276855469,191.34332275390625,12.151477813720703,307.3438720703125
2020-09-21,106.8730697631836,193.3962860107422,12.478463172912598,303.9232482910156
2020-09-22,108.55267333984375,198.05596923828125,12.598588943481445,307.01849365234375
2020-09-23,103.99932098388672,191.53433227539062,12.086180686950684,299.89837646484375
2020-09-24,105.0672607421875,194.01693725585938,12.309737205505371,300.6978454589844
2020-09-25,109.00896453857422,198.4379425048828,12.833857536315918,305.55914306640625
2020-09-28,111.61090850830078,199.98483276367188,12.99460506439209,310.6343688964844
2020-09-29,110.76624298095703,197.90321350097656,13.184764862060547,308.9425964355469
2020-09-30,112.43614196777344,200.83460998535156,13.488574028015137,311.2850036621094
2020-10-01,113.38758850097656,202.86843872070312,13.572310447692871,313.2834167480469
2020-10-02,109.72742462158203,196.88148498535156,13.021774291992188,310.30902099609375
2020-10-05,113.10603332519531,200.8823699951172,13.600224494934082,315.8117370605469
2020-10-06,109.86334228515625,196.61416625976562,13.693931579589844,311.32220458984375
2020-10-07,111.72740173339844,200.35719299316406,13.920726776123047,316.7412414550781
2020-10-08,111.62061309814453,201.07330322265625,13.79586410522461,319.5484313964844
2020-10-09,113.56233215332031,206.0672149658203,13.72010326385498,322.40191650390625
2020-10-12,120.77590942382812,211.4048614501953,14.181918144226074,327.5887145996094
2020-10-13,117.572021484375,212.79893493652344,14.204095840454102,325.45074462890625
2020-10-14,117.6594009399414,210.8892364501953,14.051572799682617,323.4058837890625
2020-10-15,117.19338989257812,209.743408203125,13.92671012878418,323.00616455078125
2020-10-16,115.55261993408203,209.743408203125,13.76870059967041,322.8110046386719
2020-10-19,112.60120391845703,204.5489959716797,13.455924987792969,317.9031982421875
2020-10-20,114.08661651611328,204.9595947265625,13.603216171264648,319.17657470703125
2020-10-21,113.46527099609375,205.10279846191406,13.482839584350586,318.57244873046875
2020-10-22,112.37787628173828,205.18875122070312,13.319594383239746,320.31988525390625
2020-10-23,111.68856048583984,206.46826171875,13.548135757446289,321.4074401855469
2020-10-26,111.6982650756836,200.59588623046875,13.100526809692383,315.46783447265625
2020-10-27,113.20313262939453,203.62278747558594,13.355237007141113,314.3802795410156
2020-10-28,107.96043395996094,193.5299530029297,12.587870597839355,303.6351013183594
2020-10-29,111.96041870117188,195.4778594970703,12.983641624450684,306.7210693359375
2020-10-30,105.68859100341797,193.32943725585938,12.495162963867188,303.5235900878906
2020-11-02,105.60123443603516,193.19577026367188,12.541765213012695,306.9255065917969
2020-11-03,107.22257232666016,197.11065673828125,12.979156494140625,312.34466552734375
2020-11-04,111.60120391845703,206.62100219726562,13.751502990722656,319.3252258300781
2020-11-05,115.56233215332031,213.20953369140625,14.116119384765625,325.5530700683594
2020-11-06,115.43104553222656,213.6201171875,14.516876220703125,325.4786376953125
2020-11-09,113.1261215209961,208.53076171875,13.588508605957031,329.5684509277344
2020-11-10,112.78573608398438,201.48387145996094,12.730428695678711,329.08526611328125
2020-11-11,116.20906066894531,206.77378845214844,13.37641716003418,331.5298156738281
2020-11-12,115.93678283691406,205.7139129638672,13.415048599243164,328.3136901855469
2020-11-13,115.98538970947266,206.73561096191406,13.255796432495117,332.8589782714844
2020-11-16,116.99685668945312,207.423095703125,13.473368644714355,337.0140075683594
2020-11-17,116.11180114746094,204.7781524658203,13.380656242370605,335.201416015625
2020-11-18,114.78916931152344,202.07843017578125,13.387136459350586,331.16729736328125
2020-11-19,115.38241577148438,203.36126708984375,13.398601531982422,332.5615234375
2020-11-20,114.11809539794922,201.41787719726562,13.04719352722168,330.2842102050781
2020-11-23,110.72393798828125,201.1498260498047,13.099281311035156,332.26416015625
2020-11-24,112.00768280029297,204.7398681640625,12.917596817016602,337.6181335449219
2020-11-25,112.84407806396484,204.74945068359375,13.193737030029297,337.0976257324219
2020-11-27,113.3886947631836,206.0514678955078,13.220155715942383,338.03643798828125
2020-11-30,115.78114318847656,204.94091796875,13.359970092773438,336.5398864746094
2020-12-01,119.35039520263672,206.9896240234375,13.348505973815918,340.22076416015625
2020-12-02,119.70050811767578,206.1854705810547,13.502527236938477,340.9365234375
2020-12-03,119.5643539428711,205.10366821289062,13.35843276977539,340.8435363769531
2020-12-04,118.8932876586914,205.21853637695312,13.52022647857666,343.78076171875
2020-12-07,120.35208892822266,205.1515350341797,13.56859302520752,343.07440185546875
2020-12-08,120.96479034423828,206.79818725585938,13.312564849853516,344.0783386230469
2020-12-09,118.43621063232422,202.76773071289062,12.894486427307129,340.9923095703125
2020-12-10,119.85611724853516,201.5422821044922,12.935873031616211,340.88067626953125
2020-12-11,119.04891204833984,204.16546630859375,12.976755142211914,340.48101806640625
2020-12-14,118.43621063232422,205.06536865234375,13.271427154541016,338.9566955566406
2020-12-15,124.36869049072266,204.9983673095703,13.323031425476074,343.53912353515625
2020-12-16,124.30062866210938,209.9287109375,13.205363273620605,344.0783386230469
2020-12-17,125.16619873046875,210.06275939941406,13.30383586883545,346.0024108886719
2020-12-18,123.18219757080078,209.26815795898438,13.234780311584473,344.62078857421875
2020-12-21,124.7090835571289,213.09756469726562,13.294861793518066,343.3885803222656
2020-12-22,128.2588653564453,214.3899688720703,13.241010665893555,342.8097839355469
2020-12-23,127.36414337158203,211.5945281982422,12.972769737243652,343.11785888671875
2020-12-24,128.34642028808594,213.250732421875,12.957313537597656,344.45281982421875
2020-12-28,132.93682861328125,215.3665008544922,12.863824844360352,347.4118957519531
2020-12-29,131.16680908203125,214.59104919433594,12.906953811645508,346.7491760253906
2020-12-30,130.04837036132812,212.2263641357422,13.108887672424316,347.2438659667969
2020-12-31,129.04669189453125,212.934814453125,13.018392562866211,349.0080871582031
2021-01-04,125.85668182373047,208.40652465820312,13.0767240524292,344.25677490234375
2021-01-05,127.41273498535156,208.6075897216797,13.367159843444824,346.6277770996094
2021-01-06,123.12386322021484,203.1985321044922,12.57912540435791,348.7000427246094
2021-01-07,127.3252182006836,208.98094177246094,13.30657958984375,353.8809814453125
2021-01-08,128.4241943359375,210.2541961669922,13.239516258239746,355.8972473144531
2021-01-11,125.43848419189453,208.21510314941406,13.58329963684082,353.4981994628906
2021-01-12,125.2634506225586,205.76425170898438,13.44693660736084,353.5727844238281
2021-01-13,127.29605865478516,207.11410522460938,13.493803977966309,354.52496337890625
2021-01-14,125.37040710449219,203.93568420410156,13.163229942321777,353.2834777832031
2021-01-15,123.6490478515625,203.58143615722656,12.823437690734863,350.70709228515625
2021-01-19,124.320068359375,207.20985412597656,12.988723754882812,353.4608459472656
2021-01-20,128.40475463867188,214.77296447753906,13.32827091217041,358.35223388671875
2021-01-21,133.11184692382812,215.37608337402344,13.828611373901367,358.67889404296875
2021-01-22,135.25146484375,216.31427001953125,13.674043655395508,357.4093933105469
2021-01-25,138.9957733154297,219.74159240722656,13.614962577819824,358.8190002441406
2021-01-26,139.22914123535156,222.42221069335938,13.39757251739502,358.2589416503906
2021-01-27,138.15936279296875,222.9678955078125,12.881523132324219,349.5028991699219
2021-01-28,133.32582092285156,228.74075317382812,13.014400482177734,352.5086669921875
2021-01-29,128.3367156982422,222.06802368164062,12.95332145690918,345.4515686035156
2021-02-01,130.45677185058594,229.43003845214844,13.199878692626953,351.20184326171875
2021-02-02,131.2834930419922,229.2960205078125,13.518731117248535,356.1678466796875
2021-02-03,130.26234436035156,232.6371612548828,13.492558479309082,356.4479675292969
2021-02-04,133.61756896972656,231.68939208984375,13.625932693481445,360.4992370605469
2021-02-05,133.20362854003906,231.87130737304688,13.552884101867676,361.91815185546875
2021-02-08,133.3497772216797,232.12974548339844,14.398261070251465,364.53179931640625
2021-02-09,132.47314453125,233.37435913085938,14.22325325012207,364.2890625
2021-02-10,131.86923217773438,232.46484375,14.722845077514648,364.1304626464844
2021-02-11,131.61599731445312,234.0636444091797,15.207982063293457,364.7184753417969
2021-02-12,131.8497772216797,234.54232788085938,14.919293403625488,366.52020263671875
2021-02-16,129.72647094726562,233.3073272705078,15.287259101867676,366.2027587890625
2021-02-17,127.4375991821289,234.324462890625,14.864200592041016,366.28680419921875
2021-02-18,126.33699035644531,233.93104553222656,14.78741455078125,364.7278747558594
2021-02-19,126.49278259277344,231.22506713867188,14.8846435546875,364.0838317871094
2021-02-22,122.72344207763672,225.02630615234375,14.3154935836792,361.2833557128906
2021-02-23,122.58708953857422,223.83644104003906,14.10234260559082,361.72216796875
2021-02-24,122.09036254882812,225.06471252441406,14.45833969116211,365.7080078125
2021-02-25,117.84371948242188,219.72955322265625,13.270182609558105,356.89599609375
2021-02-26,118.10670471191406,222.98243713378906,13.676040649414062,355.0570068359375
2021-03-01,124.4668960571289,227.35804748535156,13.802933692932129,363.66375732421875
2021-03-02,121.86632537841797,224.41220092773438,13.368653297424316,360.82598876953125
2021-03-03,118.88589477539062,218.35739135742188,12.768841743469238,356.0465087890625
2021-03-04,117.0060806274414,217.5609130859375,12.335561752319336,351.6405334472656
2021-03-05,118.2625503540039,222.23399353027344,12.426552772521973,358.1095275878906
2021-03-08,113.33412170410156,218.1942596435547,11.560739517211914,356.32659912109375
2021-03-09,117.94112396240234,224.32583618164062,12.489448547363281,361.4140625
2021-03-10,116.8599624633789,223.02084350585938,12.437576293945312,363.66375732421875
2021-03-11,118.78849792480469,227.5404052734375,12.96153736114502,367.3509521484375
2021-03-12,117.88269805908203,226.21617126464844,12.824373245239258,367.8456726074219
2021-03-15,120.76570129394531,225.31419372558594,13.158799171447754,370.03936767578125
2021-03-16,122.30462646484375,228.096923828125,13.258552551269531,369.5726013183594
2021-03-17,121.51570129394531,227.4539794921875,13.308428764343262,370.83282470703125
2021-03-18,117.39567565917969,221.3896026611328,12.691200256347656,365.43731689453125
2021-03-19,116.86972045898438,221.03457641601562,12.814148902893066,364.7610778808594
2021-03-22,120.18132019042969,226.4464874267578,13.15380859375,367.67376708984375
2021-03-23,119.35343170166016,227.97215270996094,13.038593292236328,364.7798156738281
2021-03-24,116.96712493896484,225.9379119873047,12.611893653869629,362.925537109375
2021-03-25,117.45410919189453,222.94406127929688,12.504409790039062,364.9672546386719
2021-03-26,118.05799865722656,226.91665649414062,12.80766487121582,370.8486022949219
2021-03-29,118.23332977294922,225.726806640625,12.91639518737793,370.66131591796875
2021-03-30,116.78208923339844,222.47389221191406,12.840083122253418,369.6779479980469
2021-03-31,118.97355651855469,226.23533630371094,13.315412521362305,371.1763916015625
2021-04-01,119.80146789550781,232.54925537109375,13.777771949768066,375.1847839355469
2021-04-05,122.62604522705078,238.99752807617188,13.95308780670166,380.56976318359375
2021-04-06,122.92798614501953,237.83642578125,13.827396392822266,380.3450927734375
2021-04-07,124.57404327392578,239.79396057128906,14.108707427978516,380.78521728515625
2021-04-08,126.97005462646484,243.0084686279297,14.281778335571289,382.59271240234375
2021-04-09,129.54139709472656,245.50331115722656,14.364574432373047,385.3742370605469
2021-04-12,127.82721710205078,245.56088256835938,15.17158317565918,385.5147705078125
2021-04-13,130.9342041015625,248.0365753173828,15.640926361083984,386.6572570800781
2021-04-14,128.5966339111328,245.2538604736328,15.239418983459473,385.33685302734375
2021-04-15,131.00238037109375,249.00572204589844,16.09755516052246,389.47625732421875
2021-04-16,130.67127990722656,250.19552612304688,15.8733549118042,390.7780456542969
2021-04-19,131.33355712890625,248.2764434814453,15.323956489562988,388.85809326171875
2021-04-20,129.6485595703125,247.81582641601562,15.133928298950195,386.0110778808594
2021-04-21,130.02841186523438,250.04202270507812,15.322715759277344,389.66363525390625
2021-04-22,128.5089874267578,246.76995849609375,14.81371784210205,386.1047058105469
2021-04-23,130.8271026611328,250.58895874023438,15.227693557739258,390.291015625
2021-04-26,131.21669006347656,250.97280883789062,15.439923286437988,391.1058044433594
2021-04-27,130.895263671875,251.3758544921875,15.343910217285156,391.0215759277344
2021-04-28,130.1063232421875,244.26551818847656,15.239168167114258,390.9090881347656
2021-04-29,130.00892639160156,242.29840087890625,15.287049293518066,393.4002990722656
2021-04-30,128.0414581298828,241.981689453125,14.972574234008789,390.8155212402344
2021-05-03,129.09335327148438,241.67469787597656,14.800250053405762,391.6583251953125
2021-05-04,124.52534484863281,237.76925659179688,14.315943717956543,389.2421569824219
2021-05-05,124.76884460449219,236.50267028808594,14.422929763793945,389.3638916015625
2021-05-06,126.36617279052734,239.63084411621094,14.487268447875977,392.47320556640625
2021-05-07,127.03936767578125,242.2504119873047,14.775811195373535,395.3295593261719
2021-05-10,123.76118469238281,237.18394470214844,14.230653762817383,391.4148254394531
2021-05-11,122.84410095214844,236.2723846435547,14.2710542678833,387.9216003417969
2021-05-12,119.78053283691406,229.3347625732422,13.724651336669922,379.6801452636719
2021-05-13,121.9269790649414,233.20176696777344,13.631631851196289,384.24102783203125
2021-05-14,124.34658813476562,238.11471557617188,14.207961082458496,390.1411437988281
2021-05-17,123.19530487060547,235.26483154296875,14.13064956665039,389.1484680175781
2021-05-18,121.80988311767578,233.24974060058594,13.981267929077148,385.7956848144531
2021-05-19,121.65380096435547,233.82676696777344,14.031146049499512,384.7842712402344
2021-05-20,124.20999145507812,237.05833435058594,14.576553344726562,388.9237060546875
2021-05-21,122.37577056884766,235.79847717285156,14.954869270324707,388.60528564453125
2021-05-24,124.00511169433594,241.19400024414062,15.573592185974121,392.5668029785156
2021-05-25,123.80998229980469,242.09808349609375,15.609254837036133,391.6958923339844
2021-05-26,123.76118469238281,241.8768768310547,15.661376953125,392.47320556640625
2021-05-27,122.22940826416016,239.7801971435547,15.449898719787598,392.6792297363281
2021-05-28,121.57576751708984,240.13604736328125,16.20453643798828,393.3816223144531
2021-06-01,121.25376892089844,237.94322204589844,16.224483489990234,393.0351257324219
2021-06-02,122.01478576660156,237.84703063964844,16.736970901489258,393.6532897949219
2021-06-03,120.53179931640625,236.31784057617188,16.92799949645996,392.1922302246094
2021-06-04,122.82457733154297,241.20361328125,17.535009384155273,395.779052734375
2021-06-07,122.83434295654297,244.1082000732422,17.57565689086914,395.3951416015625
2021-06-08,123.65386199951172,242.91561889648438,17.414051055908203,395.47943115234375
2021-06-09,124.03438568115234,243.8966064453125,17.31951332092285,394.889404296875
2021-06-10,123.03923034667969,247.40704345703125,17.3861141204834,396.7250061035156
2021-06-11,124.24900817871094,248.0322723388672,17.785470962524414,397.3805847167969
2021-06-14,127.30281829833984,249.955810546875,17.97854232788086,398.27032470703125
2021-06-15,126.48329162597656,248.48422241210938,17.748807907104492,397.53985595703125
2021-06-16,126.98085021972656,247.54173278808594,17.770505905151367,395.3201599121094
2021-06-17,128.58090209960938,250.9272003173828,18.615615844726562,395.1891784667969
2021-06-18,127.28329467773438,249.5133514404297,18.59716033935547,389.8578796386719
2021-06-21,129.0784912109375,252.59104919433594,18.38612937927246,395.4389953613281
2021-06-22,130.71759033203125,255.36094665527344,18.844602584838867,397.55316162109375
2021-06-23,130.44442749023438,255.1300811767578,19.01471710205078,397.0739440917969
2021-06-24,130.16146850585938,256.4958190917969,19.162643432617188,399.42291259765625
2021-06-25,129.86878967285156,254.88973999023438,18.98853302001953,400.84173583984375
2021-06-28,131.4980926513672,258.4483337402344,19.940406799316406,401.6498107910156
2021-06-29,133.01036071777344,261.0257873535156,19.982065200805664,401.86590576171875
2021-06-30,133.62503051757812,260.5448913574219,19.957862854003906,402.2041931152344
2021-07-01,133.927490234375,261.2181701660156,20.16689682006836,404.4309997558594
2021-07-02,136.55197143554688,267.0368957519531,20.441286087036133,407.5223083496094
2021-07-06,138.5618133544922,267.0465087890625,20.652313232421875,406.7799377441406
2021-07-07,141.04971313476562,269.2297668457031,20.326290130615234,408.21759033203125
2021-07-08,139.75209045410156,266.8157653808594,19.858335494995117,404.8914489746094
2021-07-09,141.57655334472656,267.3158874511719,20.005510330200195,409.2135009765625
2021-07-12,140.9814453125,266.7194519042969,20.46673011779785,410.6793212890625
2021-07-13,142.09368896484375,270.2395935058594,20.20481300354004,409.2793273925781
2021-07-14,145.51817321777344,271.7112121582031,19.797222137451172,409.89007568359375
2021-07-15,144.86451721191406,270.28765869140625,18.923927307128906,408.4901123046875
2021-07-16,142.8253936767578,270.0184020996094,18.120473861694336,405.2860107421875
2021-07-19,138.9813232421875,266.4213562011719,18.737844467163086,399.3007507324219
2021-07-20,142.59124755859375,268.64312744140625,18.570466995239258,405.0229187011719
2021-07-21,141.85952758789062,270.6435546875,19.366683959960938,408.3021545410156
2021-07-22,143.22540283203125,275.2023620605469,19.550277709960938,409.1571960449219
2021-07-23,144.9425506591797,278.59747314453125,19.514354705810547,413.36663818359375
2021-07-26,145.36207580566406,278.00115966796875,19.250951766967773,414.3813781738281
2021-07-27,143.19615173339844,275.58709716796875,19.165138244628906,412.4928283691406
2021-07-28,141.44972229003906,275.27935791015625,19.459484100341797,412.3236389160156
2021-07-29,142.09368896484375,275.54864501953125,19.618122100830078,414.0336608886719
2021-07-30,142.3082733154297,274.0194091796875,19.455488204956055,412.0229797363281
2021-08-02,141.9765625,273.932861328125,19.7059326171875,411.15850830078125
2021-08-03,143.77178955078125,276.14495849609375,19.770784378051758,414.50347900390625
2021-08-04,143.3717803955078,275.5582580566406,20.228755950927734,412.4646301269531
2021-08-05,143.47909545898438,278.4530944824219,20.590946197509766,415.0766296386719
2021-08-06,142.7951202392578,278.3955078125,20.3205509185791,415.76251220703125
2021-08-09,142.74624633789062,277.3087158203125,20.249711990356445,415.4243469238281
2021-08-10,142.2674560546875,275.4909362792969,19.891515731811523,415.94110107421875
2021-08-11,142.52151489257812,275.98138427734375,19.6550350189209,416.97467041015625
2021-08-12,145.48216247558594,278.73211669921875,19.86058235168457,418.22430419921875
2021-08-13,145.6873779296875,281.65594482421875,20.142953872680664,418.9853210449219
2021-08-16,147.66114807128906,283.33905029296875,19.905481338500977,419.9719543457031
2021-08-17,146.75244140625,281.87713623046875,19.414581298828125,417.2189636230469
2021-08-18,143.01007080078125,280.15228271484375,18.997512817382812,412.65252685546875
2021-08-19,143.34231567382812,285.97247314453125,19.75381851196289,413.2913513183594
2021-08-20,144.7981719970703,293.28631591796875,20.769550323486328,416.5799560546875
2021-08-23,146.28341674804688,293.5657653808594,21.909000396728516,420.24444580078125
2021-08-24,146.19546508789062,291.6096496582031,21.744369506835938,420.9115295410156
2021-08-25,144.96429443359375,291.0218505859375,22.16343116760254,421.7947692871094
2021-08-26,144.16305541992188,288.2081298828125,22.018754959106445,419.3048400878906
2021-08-27,145.19882202148438,288.81512451171875,22.585485458374023,423.05389404296875
2021-08-30,149.61532592773438,292.5442810058594,22.63736915588379,424.9142150878906
2021-08-31,148.3548583984375,290.8965759277344,22.3389835357666,424.2846374511719
2021-09-01,149.019287109375,290.84832763671875,22.394872665405273,424.5102233886719
2021-09-02,150.13323974609375,290.193115234375,22.349964141845703,425.8162536621094
2021-09-03,150.7683563232422,290.1834716796875,22.796045303344727,425.712890625
2021-09-07,153.10366821289062,289.2584228515625,22.615419387817383,424.19073486328125
2021-09-08,151.55982971191406,289.28729248046875,22.293079376220703,423.6740417480469
2021-09-09,150.5435791015625,286.4350280761719,22.131412506103516,421.86053466796875
2021-09-10,145.56033325195312,284.9510803222656,22.431795120239258,418.5343322753906
2021-09-13,146.12705993652344,286.18450927734375,22.106464385986328,419.6054992675781
2021-09-14,144.72975158691406,288.8826599121094,22.196279525756836,417.34112548828125
2021-09-15,145.6189727783203,293.7296447753906,22.295074462890625,420.8270263671875
2021-09-16,145.38442993164062,294.11505126953125,22.196279525756836,420.159912109375
2021-09-17,142.71693420410156,288.959716796875,21.8549861907959,416.0671081542969
2021-09-20,139.66836547851562,283.59234619140625,21.06960105895996,409.1295471191406
2021-09-21,140.1471710205078,284.07421875,21.202329635620117,408.7430114746094
2021-09-22,142.51174926757812,287.7166442871094,21.895898818969727,412.73028564453125
2021-09-23,143.46932983398438,288.6609802246094,22.435789108276367,417.74493408203125
2021-09-24,143.55726623535156,288.4586181640625,22.035608291625977,418.4330749511719
2021-09-27,142.04270935058594,283.46710205078125,21.615476608276367,417.2359924316406
2021-09-28,138.6619110107422,273.20452880859375,20.65645408630371,408.82781982421875
2021-09-29,139.56088256835938,273.6671447753906,20.47482681274414,409.5159912109375
2021-09-30,138.2613067626953,271.6628112792969,20.67341423034668,404.5107116699219
2021-10-01,139.38499450683594,278.58154296875,20.699363708496094,409.3179626464844
2021-10-04,135.95533752441406,272.8094787597656,19.691442489624023,404.0394287109375
2021-10-05,137.88023376464844,278.2538757324219,20.40896224975586,408.243408203125
2021-10-06,138.7498321533203,282.44561767578125,20.657455444335938,409.9401550292969
2021-10-07,140.0103302001953,284.122314453125,21.031679153442383,413.48431396484375
2021-10-08,139.6292724609375,284.122314453125,20.788179397583008,412.73028564453125
2021-10-11,139.5413360595703,283.5248718261719,20.65245819091797,409.7422180175781
2021-10-12,138.2710723876953,282.2239990234375,20.628511428833008,408.73358154296875
2021-10-13,137.68482971191406,285.5292053222656,20.895957946777344,410.20404052734375
2021-10-14,140.4695587158203,291.7348327636719,21.70130157470703,417.1039123535156
2021-10-15,141.52488708496094,293.1418762207031,21.817062377929688,420.2804870605469
2021-10-18,143.1957244873047,296.1097412109375,22.17632293701172,421.5247802734375
2021-10-19,145.35513305664062,297.01556396484375,22.244182586669922,424.7768249511719
2021-10-20,145.84365844726562,296.22540283203125,22.057567596435547,426.44525146484375
2021-10-21,146.05865478515625,299.45355224609375,22.645353317260742,427.5575256347656
2021-10-22,145.28677368164062,297.91168212890625,22.67928695678711,427.11444091796875
2021-10-25,145.23788452148438,296.9192199707031,23.11838150024414,429.4049072265625
2021-10-26,145.90232849121094,298.8270568847656,24.66619110107422,429.79144287109375
2021-10-27,145.44309997558594,311.4119567871094,24.400741577148438,427.8873596191406
2021-10-28,149.07794189453125,312.5490417480469,24.889734268188477,432.01605224609375
2021-10-29,146.37132263183594,319.5545349121094,25.514446258544922,432.8926696777344
2021-11-01,145.55056762695312,317.3863830566406,25.77391242980957,433.6372985839844
2021-11-02,146.58631896972656,321.0095520019531,26.346729278564453,435.3905334472656
2021-11-03,148.0226593017578,321.8479309082031,26.54332733154297,438.0487365722656
2021-11-04,147.50479125976562,324.19915771484375,29.7397403717041,440.11297607421875
2021-11-05,148.033203125,323.83294677734375,29.690847396850586,441.6400451660156
2021-11-08,147.21124267578125,324.7291259765625,30.740686416625977,442.0170593261719
2021-11-09,147.57325744628906,323.72698974609375,30.593984603881836,440.5559997558594
2021-11-10,144.7452850341797,318.7643127441406,29.39844512939453,437.0118713378906
2021-11-11,144.69638061523438,320.3350830078125,30.327531814575195,437.1532897949219
2021-11-12,146.7709197998047,324.468994140625,30.327531814575195,440.452392578125
2021-11-15,146.78067016601562,323.84259033203125,29.963281631469727,440.6031799316406
2021-11-16,147.7592315673828,327.1575012207031,30.14090919494629,442.34698486328125
2021-11-17,150.19577026367188,327.3795166015625,29.200857162475586,441.2724304199219
2021-11-18,154.4817657470703,329.455078125,31.609893798828125,442.7711181640625
2021-11-19,157.10423278808594,331.2313537597656,32.91720199584961,441.9794006347656
2021-11-22,157.56414794921875,328.06494140625,31.890310287475586,440.7350769042969
2021-11-23,157.94581604003906,325.9892883300781,31.68074607849121,441.319580078125
2021-11-24,158.4644012451172,326.2113952636719,32.60683822631836,442.4977722167969
2021-11-26,153.4445343017578,318.2663879394531,31.43824577331543,432.6286315917969
2021-11-29,156.80088806152344,324.9757080078125,33.30738830566406,437.9355163574219
2021-11-30,161.7523193359375,319.1448059082031,32.608829498291016,429.41436767578125
2021-12-01,161.23367309570312,318.6524658203125,31.374225616455078,424.6448059082031
2021-12-02,160.24533081054688,318.0829162597656,32.06389236450195,431.14874267578125
2021-12-03,158.36654663085938,311.8273010253906,30.633657455444336,427.3972473144531
2021-12-06,161.77186584472656,314.89715576171875,29.97892951965332,432.4590759277344
2021-12-07,167.506103515625,323.3248596191406,32.36429977416992,441.4043884277344
2021-12-08,171.32237243652344,323.3731689453125,31.764467239379883,442.5732116699219
2021-12-09,170.81353759765625,321.56793212890625,30.431047439575195,439.58514404296875
2021-12-10,175.59860229492188,330.68109130859375,30.13962173461914,443.72320556640625
2021-12-13,171.9682159423828,327.6498107910156,28.106552124023438,439.7925109863281
2021-12-14,170.58853149414062,316.97271728515625,28.28221321105957,436.7667236328125
2021-12-15,175.4518280029297,323.0642395019531,30.40011215209961,443.59124755859375
2021-12-16,168.5629119873047,313.6517639160156,28.332117080688477,439.6794128417969
2021-12-17,167.46694946289062,312.58984375,27.74725341796875,434.9999084472656
2021-12-20,166.1068115234375,308.8345642089844,27.6654109954834,430.3744201660156
2021-12-21,169.27728271484375,315.95904541015625,29.018787384033203,438.0174560546875
2021-12-22,171.87037658691406,321.6644592285156,29.34316062927246,442.3970642089844
2021-12-23,172.49664306640625,323.1028137207031,29.582693099975586,445.1496887207031
2021-12-27,176.45974731445312,330.5942077636719,30.885168075561523,451.4494934082031
2021-12-28,175.44203186035156,329.4357604980469,30.263376235961914,451.0805358886719
2021-12-29,175.5301055908203,330.111572265625,29.942996978759766,451.65765380859375
2021-12-30,174.3754425048828,327.57257080078125,29.528799057006836,450.4089660644531
2021-12-31,173.75897216796875,324.67645263671875,29.354135513305664,449.27392578125
2022-01-03,178.10366821289062,323.1607666015625,30.062763214111328,451.8751220703125
2022-01-04,175.84323120117188,317.61944580078125,29.23337173461914,451.7237854003906
2022-01-05,171.16583251953125,305.4267272949219,27.55063247680664,443.0498046875
2022-01-06,168.3085479736328,303.0132751464844,28.12352180480957,442.6335144042969
2022-01-07,168.47483825683594,303.1678466796875,27.19432258605957,440.88360595703125
2022-01-10,168.49440002441406,303.3897705078125,27.347023010253906,440.3349609375
2022-01-11,171.32237243652344,304.0751953125,27.76321792602539,444.34564208984375
2022-01-12,171.7627410888672,307.2513427734375,27.944868087768555,445.5469665527344
2022-01-13,168.49440002441406,294.2476806640625,26.523618698120117,439.4079895019531
2022-01-14,169.3555450439453,299.4607238769531,26.889911651611328,439.58758544921875
2022-01-18,166.15573120117188,292.172119140625,25.85291862487793,431.8027648925781
2022-01-19,162.66232299804688,292.8285827636719,25.018537521362305,427.31903076171875
2022-01-20,160.979248046875,291.158447265625,24.103309631347656,422.5894775390625
2022-01-21,158.92434692382812,285.78131103515625,23.32880973815918,414.2937316894531
2022-01-24,158.15127563476562,286.1094970703125,23.32681655883789,416.0531921386719
2022-01-25,156.35076904296875,278.5023498535156,22.280841827392578,410.97369384765625
2022-01-26,156.2626953125,286.4377136230469,22.72797203063965,409.94256591796875
2022-01-27,155.8027801513672,289.4593811035156,21.90157699584961,407.91827392578125
2022-01-28,166.67433166503906,297.587890625,22.795841217041016,418.049072265625
2022-01-31,171.02882385253906,300.2137145996094,24.438663482666016,425.57861328125
2022-02-01,170.8625030517578,298.07061767578125,24.590364456176758,428.4542236328125
2022-02-02,172.0660858154297,302.60784912109375,25.19319725036621,432.6163024902344
2022-02-03,169.189208984375,290.8205261230469,23.901702880859375,422.4476013183594
2022-02-04,168.90505981445312,295.3481750488281,24.271984100341797,424.43408203125
2022-02-07,168.1898193359375,290.53094482421875,24.680191040039062,423.0718994140625
2022-02-08,171.29574584960938,294.0160217285156,25.059459686279297,426.55291748046875
2022-02-09,172.71641540527344,300.4357604980469,26.653366088867188,432.7958984375
2022-02-10,168.64047241210938,291.911376953125,25.774072647094727,425.0205383300781
2022-02-11,165.23085021972656,284.82562255859375,23.90269660949707,416.6396179199219
2022-02-14,165.4660186767578,284.7869567871094,24.220083236694336,415.27752685546875
2022-02-15,169.2969970703125,290.0675354003906,26.443777084350586,421.97467041015625
2022-02-16,169.06182861328125,289.7289733886719,26.45974349975586,422.4476013183594
2022-02-17,165.4660186767578,281.24517822265625,24.459619522094727,413.423583984375
2022-02-18,163.9179229736328,278.5364990234375,23.596296310424805,410.7466125488281
2022-02-22,160.99818420410156,278.3332824707031,23.344776153564453,406.33856201171875
2022-02-23,156.83413696289062,271.1263122558594,22.343721389770508,399.1307067871094
2022-02-24,159.4501495361328,284.9791564941406,23.702085494995117,405.13726806640625
2022-02-25,161.51748657226562,287.6104736328125,24.110300064086914,414.07623291015625
2022-02-28,161.7820281982422,289.0422058105469,24.337854385375977,413.0168151855469
2022-03-01,159.9008331298828,285.3274230957031,23.431608200073242,406.7264709472656
2022-03-02,163.19290161132812,290.396484375,24.177291870117188,414.2086486816406
2022-03-03,162.86959838867188,286.2657775878906,23.67218780517578,412.1465759277344
2022-03-04,159.87144470214844,280.4034729003906,22.89555549621582,408.7980651855469
2022-03-07,156.07969665527344,269.8107604980469,21.314346313476562,396.74700927734375
2022-03-08,154.25729370117188,266.85052490234375,21.47606658935547,393.7388916015625
2022-03-09,159.65586853027344,279.08782958984375,22.973419189453125,404.2954406738281
2022-03-10,155.3154754638672,276.27288818359375,22.618045806884766,402.46978759765625
2022-03-11,151.60205078125,270.9328918457031,22.061031341552734,397.3523254394531
2022-03-14,147.5751495361328,267.4212951660156,21.292387008666992,394.4483642578125
2022-03-15,151.95477294921875,277.7818298339844,22.932491302490234,403.1224365234375
2022-03-16,156.36383056640625,284.78570556640625,24.45280647277832,412.06134033203125
2022-03-17,157.3729705810547,285.5885925292969,24.72233009338379,417.2166748046875
2022-03-18,160.66502380371094,290.6286315917969,26.40635871887207,421.78631591796875
2022-03-21,162.03677368164062,289.4001159667969,26.686859130859375,421.6629943847656
2022-03-22,165.4072265625,294.14019775390625,26.477231979370117,426.5970764160156
2022-03-23,166.76914978027344,289.71929931640625,25.58879852294922,421.1031799316406
2022-03-24,170.5511016845703,294.17889404296875,28.10036277770996,427.45111083984375
2022-03-25,171.18795776367188,293.7725830078125,27.643171310424805,429.53857421875
2022-03-28,172.05015563964844,300.5636291503906,28.169240951538086,432.5938720703125
2022-03-29,175.3422393798828,305.1200256347656,28.605472564697266,437.94537353515625
2022-03-30,174.17626953125,303.6204833984375,27.641172409057617,435.2411804199219
2022-03-31,171.08018493652344,298.25152587890625,27.237884521484375,428.5422058105469
2022-04-01,170.7862548828125,299.32537841796875,26.66489601135254,429.7567443847656
2022-04-04,174.83274841308594,304.69427490234375,27.311758041381836,433.4383239746094
2022-04-05,171.52108764648438,300.7377624511719,25.88527488708496,427.9634094238281
2022-04-06,168.35635375976562,289.7289733886719,24.36395835876465,423.6840515136719
2022-04-07,168.6601104736328,291.5379638671875,24.165313720703125,425.8190002441406
2022-04-08,166.6515350341797,287.28155517578125,23.07823371887207,424.6803283691406
2022-04-11,162.39930725097656,275.95355224609375,21.878353118896484,417.421630859375
2022-04-12,164.2706756591797,272.8580322265625,21.466081619262695,415.875
2022-04-13,166.95529174804688,278.2366638183594,22.163846969604492,420.63824462890625
2022-04-14,161.94854736328125,270.70074462890625,21.220518112182617,415.40057373046875
2022-04-18,161.73301696777344,271.3681945800781,21.74459457397461,415.5713195800781
2022-04-19,164.0159149169922,275.9922790527344,22.158857345581055,422.2797546386719
2022-04-20,163.849365234375,277.0176696777344,21.444124221801758,421.96661376953125
2022-04-21,163.05575561523438,271.648681640625,20.14741325378418,415.6567687988281
2022-04-22,158.51931762695312,265.0899353027344,19.4805908203125,404.25152587890625
2022-04-25,159.58729553222656,271.56170654296875,19.866905212402344,406.59515380859375
2022-04-26,153.6301727294922,261.4042663574219,18.754871368408203,394.8198547363281
2022-04-27,153.4048614501953,273.9801025390625,18.38252830505371,395.9300537109375
2022-04-28,160.3319549560547,280.1809997558594,19.747119903564453,405.9309997558594
2022-04-29,154.4630126953125,268.4660339355469,18.51429557800293,390.92950439453125
2022-05-02,154.76675415039062,275.1893310546875,19.49855613708496,393.28271484375
2022-05-03,156.25604248046875,272.5870361328125,19.567434310913086,395.0854797363281
2022-05-04,162.663818359375,280.5196228027344,20.29814338684082,407.116943359375
2022-05-05,153.600830078125,268.3016357421875,18.810773849487305,392.6469421386719
2022-05-06,154.326904296875,265.7670593261719,18.642074584960938,390.30328369140625
2022-05-09,149.2049560546875,255.94822692871094,16.92011260986328,377.8068542480469
2022-05-10,151.6089324951172,260.70770263671875,17.563974380493164,378.6797790527344
2022-05-11,143.74929809570312,252.0496368408203,16.600677490234375,372.6639709472656
2022-05-12,139.88330078125,247.01937866210938,16.14647674560547,372.27490234375
2022-05-13,144.34788513183594,252.60110473632812,17.674781799316406,381.1752014160156
2022-05-16,142.80734252929688,252.9687042236328,17.23356056213379,379.6285705566406
2022-05-17,146.4378662109375,258.1151428222656,18.14495277404785,387.4377136230469
2022-05-18,138.1759796142578,246.36329650878906,16.90813446044922,371.81951904296875
2022-05-19,134.7711639404297,245.4518280029297,17.093807220458984,369.5422058105469
2022-05-20,135.00660705566406,244.88941955566406,16.66456413269043,369.7035827636719
2022-05-23,140.4229736328125,252.73367309570312,16.868202209472656,376.6207580566406
2022-05-24,137.72463989257812,251.73497009277344,16.12551498413086,373.7456970214844
2022-05-25,137.88160705566406,254.5469512939453,16.945068359375,377.0476989746094
2022-05-26,141.08041381835938,257.8242492675781,17.81952667236328,384.58160400390625
2022-05-27,146.8303985595703,264.94134521484375,18.777833938598633,394.02276611328125
2022-05-31,146.04537963867188,263.6129455566406,18.63907814025879,391.81195068359375
2022-06-01,145.91783142089844,264.1462707519531,18.28769874572754,388.6427917480469
2022-06-02,148.37091064453125,266.2406311035156,19.557449340820312,396.0438232421875
2022-06-03,142.65036010742188,261.8191833496094,18.686992645263672,389.5442199707031
2022-06-06,143.3960723876953,260.587646484375,18.752872467041016,390.730224609375
2022-06-07,145.91783142089844,264.223876953125,18.89262580871582,394.4782409667969
2022-06-08,145.18194580078125,262.197265625,18.61905288696289,390.1893005371094
2022-06-09,139.96180725097656,256.74798583984375,18.019981384277344,380.9095458984375
2022-06-10,134.55528259277344,245.30638122558594,16.94765281677246,369.8648376464844
2022-06-13,129.40382385253906,234.9022674560547,15.622713088989258,355.8217468261719
2022-06-14,130.26727294921875,237.06451416015625,15.811420440673828,354.7495422363281
2022-06-15,132.88717651367188,244.11375427246094,16.501344680786133,359.8070373535156
2022-06-16,127.61799621582031,237.52993774414062,15.5767822265625,347.8988342285156
2022-06-17,129.08982849121094,240.12850952148438,15.855348587036133,348.6488037109375
2022-06-21,133.31890869140625,246.03359985351562,16.540285110473633,357.4255676269531
2022-06-22,132.8086700439453,245.442138671875,16.334606170654297,356.77752685546875
2022-06-23,135.67385864257812,250.99806213378906,16.19981575012207,360.27484130859375
2022-06-24,139.0001983642578,259.569580078125,17.09941864013672,371.7294006347656
2022-06-27,139.0001983642578,256.844970703125,16.842815399169922,370.3094482421875
2022-06-28,134.8594512939453,248.69039916992188,15.957192420959473,362.7430419921875
2022-06-29,136.6157989501953,252.3555450439453,15.517874717712402,362.4476013183594
2022-06-30,134.15298461914062,249.02975463867188,15.135470390319824,359.5029602050781
2022-07-01,136.32144165039062,251.69615173339844,14.500454902648926,363.30517578125
2022-07-05,138.90206909179688,254.86688232421875,14.940773010253906,363.9914245605469
2022-07-06,140.23654174804688,258.12481689453125,15.106513977050781,365.2206726074219
2022-07-07,143.6021728515625,260.2483215332031,15.833382606506348,370.6906433105469
2022-07-08,144.27919006347656,259.5308837890625,15.813414573669434,370.3857116699219
2022-07-11,142.14990234375,256.4764709472656,15.12847900390625,366.154541015625
2022-07-12,143.121337890625,245.9656982421875,15.058588981628418,362.91448974609375
2022-07-13,142.75830078125,245.04458618164062,15.140459060668945,361.0085754394531
2022-07-14,145.68234252929688,246.36329650878906,15.348137855529785,360.1319274902344
2022-07-15,147.3504180908203,248.92308044433594,15.737533569335938,367.01226806640625
2022-07-18,144.3086395263672,246.528076171875,16.076007843017578,363.98187255859375
2022-07-19,148.1648406982422,251.6477813720703,16.965625762939453,373.8163146972656
2022-07-20,150.1665496826172,254.30455017089844,17.779356002807617,376.19879150390625
2022-07-21,152.43319702148438,256.79644775390625,18.02198028564453,380.02972412109375
2022-07-22,151.19680786132812,252.4525909423828,17.292116165161133,376.50372314453125
2022-07-25,150.07823181152344,250.96896362304688,16.997573852539062,376.96112060546875
2022-07-26,148.75357055664062,244.24949645996094,16.507339477539062,372.50128173828125
2022-07-27,153.8461151123047,260.5780029296875,17.76238441467285,382.173828125
2022-07-28,154.39559936523438,268.01507568359375,17.956083297729492,386.96710205078125
2022-07-29,159.458740234375,272.21356201171875,18.134801864624023,392.608642578125
2022-08-01,158.4774627685547,269.5665283203125,18.412372589111328,391.4460144042969
2022-08-02,157.00570678710938,266.4733581542969,18.497243881225586,388.8635559082031
2022-08-03,163.0107421875,273.8910217285156,18.863672256469727,394.9529724121094
2022-08-04,162.69679260253906,275.03521728515625,19.185176849365234,394.68603515625
2022-08-05,162.4707489013672,274.3176574707031,18.959524154663086,394.0190734863281
2022-08-08,161.99913024902344,271.80633544921875,17.765380859375,393.5616149902344
2022-08-09,162.04824829101562,273.72613525390625,17.059476852416992,391.99884033203125
2022-08-10,166.2930450439453,280.3779296875,18.06890869140625,400.2323303222656
2022-08-11,165.55612182617188,278.3028259277344,17.914148330688477,400.2323303222656
2022-08-12,169.1032257080078,283.0442810058594,18.67995834350586,407.00787353515625
2022-08-15,170.1742706298828,284.55694580078125,19.002456665039062,408.68499755859375
2022-08-16,170.0170440673828,283.820068359375,18.849693298339844,409.48553466796875
2022-08-17,171.51058959960938,283.07183837890625,18.30653190612793,406.57904052734375
2022-08-18,171.11752319335938,281.954345703125,18.74386215209961,407.76068115234375
2022-08-19,168.53335571289062,278.0481872558594,17.821292877197266,402.2811279296875
2022-08-22,164.652099609375,269.8860168457031,17.007558822631836,393.90472412109375
2022-08-23,164.31802368164062,268.61309814453125,17.15433120727539,392.9517822265625
2022-08-24,164.61279296875,267.9815979003906,17.19526481628418,394.2096252441406
2022-08-25,167.06930541992188,270.9548645019531,17.88519287109375,399.77490234375
2022-08-26,160.77088928222656,260.4995422363281,16.234760284423828,386.242919921875
2022-08-29,158.56988525390625,257.7205505371094,15.776472091674805,383.6889953613281
2022-08-30,156.1428985595703,255.52452087402344,15.443989753723145,379.4768981933594
2022-08-31,154.48231506347656,254.06695556640625,15.07056999206543,376.58941650390625
2022-09-01,155.20945739746094,253.0272216796875,13.915366172790527,377.7711486816406
2022-09-02,153.0968780517578,248.81016540527344,13.625815391540527,373.7876892089844
2022-09-06,151.8391876220703,246.07968139648438,13.444098472595215,372.37744140625
2022-09-07,153.24429321289062,250.7826385498047,13.696782112121582,379.0671691894531
2022-09-08,151.7703857421875,251.2004852294922,13.972433090209961,381.5447692871094
2022-09-09,154.6297149658203,256.9722900390625,14.368936538696289,387.4722595214844
2022-09-12,160.58416748046875,259.1003112792969,14.486786842346191,391.63665771484375
2022-09-13,151.16116333007812,244.8553924560547,13.11451244354248,374.6073303222656
2022-09-14,152.60560607910156,245.07887268066406,13.111515998840332,376.03680419921875
2022-09-15,149.716796875,238.43252563476562,12.912764549255371,371.76751708984375
2022-09-16,148.07586669921875,237.81063842773438,13.181427955627441,368.9313049316406
2022-09-19,151.79005432128906,237.5968780517578,13.36519718170166,371.7923889160156
2022-09-20,154.16790771484375,235.58546447753906,13.159455299377441,367.5247802734375
2022-09-21,151.04330444335938,232.18458557128906,13.24434757232666,361.11370849609375
2022-09-22,150.08035278320312,234.15707397460938,12.545228004455566,358.08038330078125
2022-09-23,147.81057739257812,231.1837615966797,12.500285148620605,352.08074951171875
2022-09-26,148.14466857910156,230.72703552246094,12.212647438049316,348.5978088378906
2022-09-27,149.11741638183594,229.71649169921875,12.397416114807129,347.7078857421875
2022-09-28,147.23081970214844,234.24456787109375,12.72000789642334,354.549560546875
2022-09-29,139.99900817871094,230.77566528320312,12.204657554626465,347.1434326171875
2022-09-30,135.7935333251953,226.3058319091797,12.123758316040039,341.7752990722656
2022-10-03,139.96949768066406,233.92391967773438,12.496288299560547,350.798583984375
2022-10-04,143.5559539794922,241.83343505859375,13.150467872619629,361.668701171875
2022-10-05,143.85073852539062,242.14437866210938,13.192416191101074,360.82659912109375
2022-10-06,142.8976287841797,239.80259704589844,13.113513946533203,357.10443115234375
2022-10-07,137.65061950683594,227.6079559326172,12.060837745666504,347.1434326171875
2022-10-10,137.97486877441406,222.7592010498047,11.655345916748047,344.4928283691406
2022-10-11,136.55995178222656,219.02793884277344,11.571452140808105,342.3111267089844
2022-10-12,135.9310760498047,219.35830688476562,11.485560417175293,341.1820983886719
2022-10-13,140.5001220703125,227.6079559326172,11.94498348236084,350.1861877441406
2022-10-14,135.9704132080078,222.08872985839844,11.21290397644043,342.2059326171875
2022-10-17,139.9302215576172,230.8047637939453,11.873072624206543,350.9996032714844
2022-10-18,141.24688720703125,231.74729919433594,11.95197582244873,355.1236877441406
2022-10-19,141.35499572753906,229.78451538085938,12.035869598388672,352.6070861816406
2022-10-20,140.89317321777344,229.46383666992188,12.178689002990723,349.6504211425781
2022-10-21,144.70556640625,235.2648468017578,12.450348854064941,358.14739990234375
2022-10-24,146.84762573242188,240.24957275390625,12.583182334899902,362.5298767089844
2022-10-25,149.6873016357422,243.56301879882812,13.24434757232666,368.3190002441406
2022-10-26,146.7493896484375,224.77059936523438,12.87980842590332,365.54400634765625
2022-10-27,142.27859497070312,220.33001708984375,13.159455299377441,363.5920104980469
2022-10-28,153.02810668945312,229.1918182373047,13.816630363464355,372.2420959472656
2022-10-31,150.66990661621094,225.55767822265625,13.480052947998047,369.55328369140625
2022-11-01,148.0267333984375,221.70977783203125,13.525996208190918,367.9361877441406
2022-11-02,142.50460815429688,213.8682861328125,13.20240306854248,358.7024230957031
2022-11-03,136.461669921875,208.1839141845703,13.404149055480957,355.0089111328125
2022-11-04,136.19595336914062,215.12173461914062,14.138227462768555,360.1185607910156
2022-11-07,136.7274627685547,221.41827392578125,14.283042907714844,363.5633239746094
2022-11-08,137.29827880859375,222.3899688720703,14.583663940429688,365.52490234375
2022-11-09,132.7413330078125,218.1533966064453,13.758703231811523,357.99432373046875
2022-11-10,144.55194091796875,236.10047912597656,15.730225563049316,377.66754150390625
2022-11-11,147.33731079101562,240.11354064941406,16.306499481201172,381.32281494140625
2022-11-14,145.93971252441406,234.71095275878906,16.27454376220703,378.0790100097656
2022-11-15,147.67193603515625,235.11907958984375,16.64507484436035,381.3036193847656
2022-11-16,146.441650390625,235.5478057861328,15.89002513885498,378.394775390625
2022-11-17,148.34120178222656,235.4990997314453,15.657316207885742,377.2369384765625
2022-11-18,148.90220642089844,235.0508575439453,15.389653205871582,378.9497985839844
2022-11-21,145.67393493652344,235.859619140625,15.297769546508789,377.5718688964844
2022-11-22,147.8096923828125,238.76344299316406,16.017860412597656,382.6528625488281
2022-11-23,148.6856689453125,241.2482147216797,16.498258590698242,385.06414794921875
2022-11-25,145.77236938476562,241.16050720214844,16.249568939208984,384.97808837890625
2022-11-28,141.94378662109375,235.57705688476562,15.807127952575684,378.8349609375
2022-11-29,138.94192504882812,234.1836395263672,15.619364738464355,378.1842956542969
2022-11-30,145.69363403320312,248.61483764648438,16.906078338623047,390.0972900390625
2022-12-01,145.96920776367188,248.17636108398438,17.117862701416016,389.8102722167969
2022-12-02,145.4771270751953,248.49795532226562,16.8591251373291,389.36053466796875
2022-12-05,144.3157501220703,243.80120849609375,16.59339141845703,382.35626220703125
2022-12-06,140.6544647216797,238.85107421875,15.971012115478516,376.8446044921875
2022-12-07,138.71554565429688,238.1202850341797,16.1038818359375,376.20355224609375
2022-12-08,140.3985595703125,241.0727996826172,17.151830673217773,379.15069580078125
2022-12-09,139.91632080078125,239.14344787597656,16.983997344970703,376.3183288574219
2022-12-12,142.20953369140625,246.05215454101562,17.51746368408203,381.74383544921875
2022-12-13,143.17404174804688,250.34934997558594,18.053926467895508,384.6335754394531
2022-12-14,140.94972229003906,250.64166259765625,17.65632438659668,382.1744079589844
2022-12-15,134.34564208984375,242.64163208007812,16.935043334960938,372.8257751464844
2022-12-16,132.3870086669922,238.43211364746094,16.554428100585938,368.42413330078125
2022-12-19,130.28077697753906,234.30056762695312,16.23774528503418,365.3000793457031
2022-12-20,130.21192932128906,235.61602783203125,16.068912506103516,365.7999267578125
2022-12-21,133.3121795654297,238.1787872314453,16.484495162963867,371.2695617675781
2022-12-22,130.1430206298828,232.09835815429688,15.323659896850586,365.9730224609375
2022-12-23,129.77886962890625,232.62451171875,15.190792083740234,368.07806396484375
2022-12-27,127.97772216796875,230.89981079101562,14.106877326965332,366.6265869140625
2022-12-28,124.05071258544922,228.53195190429688,14.02196216583252,362.0701904296875
2022-12-29,127.5643539428711,234.84622192382812,14.588395118713379,368.5876159667969
2022-12-30,127.87931823730469,233.68667602539062,14.599385261535645,367.6166687011719
2023-01-03,123.09603118896484,233.4528350830078,14.300683975219727,366.0690612792969
2023-01-04,124.36567687988281,223.2408447265625,14.734251976013184,368.8952331542969
2023-01-05,123.04679870605469,216.62448120117188,14.250733375549316,364.6849060058594
2023-01-06,127.57418823242188,219.17747497558594,14.844139099121094,373.0478515625
2023-01-09,128.09584045410156,221.31146240234375,15.612372398376465,372.83636474609375
2023-01-10,128.66668701171875,222.99722290039062,15.893091201782227,375.45098876953125
2023-01-11,131.3831329345703,229.7402801513672,15.984996795654297,380.19964599609375
2023-01-12,131.30438232421875,232.41014099121094,16.49448585510254,381.58392333984375
2023-01-13,132.63307189941406,233.1117401123047,16.882102966308594,383.06427001953125
2023-01-17,133.7944793701172,234.203125,17.68429946899414,382.36248779296875
2023-01-18,133.07598876953125,229.77923583984375,17.3596248626709,376.3258056640625
2023-01-19,133.135009765625,225.99844360351562,16.74823570251465,373.5862121582031
2023-01-20,135.69403076171875,234.07643127441406,17.82115936279297,380.54571533203125
2023-01-23,138.88284301757812,236.3760986328125,19.173809051513672,385.1116943359375
2023-01-24,140.2804412841797,235.8498992919922,19.2457332611084,384.6983947753906
2023-01-25,139.6210174560547,234.45645141601562,19.303674697875977,384.8425598144531
2023-01-26,141.68789672851562,241.657470703125,19.78219223022461,389.0721435546875
2023-01-27,143.6267852783203,241.8133544921875,20.34463119506836,389.9661560058594
2023-01-30,140.74302673339844,236.50274658203125,19.142839431762695,385.0732421875
2023-01-31,142.0126953125,241.47230529785156,19.51746368408203,390.7351379394531
2023-02-01,143.1347198486328,246.2859649658203,20.922056198120117,394.8878479003906
2023-02-02,148.4396209716797,257.8329162597656,21.687288284301758,400.63616943359375
2023-02-03,152.06150817871094,251.74270629882812,21.078895568847656,396.3778076171875
2023-02-06,149.33523559570312,250.2031707763672,21.067913055419922,393.955322265625
2023-02-07,152.20916748046875,260.71722412109375,22.15082359313965,399.1077880859375
2023-02-08,149.52224731445312,259.908447265625,22.182790756225586,394.7436218261719
2023-02-09,148.48880004882812,256.87799072265625,22.314661026000977,391.3215026855469
2023-02-10,148.85353088378906,256.37127685546875,21.243730545043945,392.2347106933594
2023-02-13,151.65296936035156,264.38104248046875,21.766210556030273,396.8391418457031
2023-02-14,151.01226806640625,265.20928955078125,22.948026657104492,396.65655517578125
2023-02-15,153.11183166503906,263.0895690917969,22.741235733032227,397.9446105957031
2023-02-16,151.5149688720703,256.08538818359375,21.97999382019043,392.4654541015625
2023-02-17,150.37158203125,252.0899658203125,21.36661148071289,391.48492431640625
2023-02-21,146.35963439941406,246.82472229003906,20.63434600830078,383.6314392089844
2023-02-22,146.78353881835938,245.6915740966797,20.733245849609375,383.1027526855469
2023-02-23,147.2665557861328,248.8761444091797,23.64033317565918,385.1405944824219
2023-02-24,144.61495971679688,243.4545135498047,23.262712478637695,381.02642822265625
2023-02-27,145.80764770507812,244.37278747558594,23.47749900817871,382.3240661621094
2023-02-28,145.30496215820312,243.64987182617188,23.192779541015625,380.9110412597656
2023-03-01,143.23492431640625,240.57275390625,22.67530059814453,379.44989013671875
2023-03-02,143.82638549804688,245.30078125,23.29068374633789,382.4009704589844
2023-03-03,148.8732452392578,249.3840789794922,23.866106033325195,388.5338439941406
2023-03-06,151.63328552246094,250.9275665283203,23.530441284179688,388.8030090332031
2023-03-07,149.43511962890625,248.2704620361328,23.268661499023438,382.8431396484375
2023-03-08,150.68698120117188,247.83087158203125,24.160919189453125,383.4680480957031
2023-03-09,148.4395294189453,246.48280334472656,23.416540145874023,376.3930358886719
2023-03-10,146.37942504882812,242.83909606933594,22.9459285736084,370.9619445800781
2023-03-13,148.3212432861328,248.0457763671875,22.946928024291992,370.4331970214844
2023-03-14,150.41094970703125,254.75689697265625,24.04301643371582,376.55645751953125
2023-03-15,150.80526733398438,259.29931640625,24.207881927490234,374.201416015625
2023-03-16,153.6244354248047,269.8104248046875,25.519792556762695,380.76678466796875
2023-03-17,152.78659057617188,272.965576171875,25.70363998413086,376.3146057128906
2023-03-20,155.15225219726562,265.9322204589844,25.87849235534668,379.93310546875
2023-03-21,157.00543212890625,267.4463195800781,26.17724609375,384.9218444824219
2023-03-22,155.57615661621094,265.99078369140625,26.446022033691406,378.36029052734375
2023-03-23,156.6604461669922,271.236572265625,27.168420791625977,379.38311767578125
2023-03-24,157.9615936279297,274.07928466796875,26.756765365600586,381.87261962890625
2023-03-27,156.0197296142578,269.9861755371094,26.50897216796875,382.5867004394531
2023-03-28,155.39871215820312,268.8628234863281,26.388071060180664,381.72796630859375
2023-03-29,158.47415161132812,274.0206298828125,26.961589813232422,387.2762756347656
2023-03-30,160.0414581298828,277.478759765625,27.360260009765625,389.54388427734375
2023-03-31,162.54518127441406,281.63037109375,27.753934860229492,395.03436279296875
2023-04-03,163.79705810546875,280.5851745605469,27.941776275634766,396.5396728515625
2023-04-04,163.26478576660156,280.5362548828125,27.43020248413086,394.339599609375
2023-04-05,161.4214630126953,277.76202392578125,26.858680725097656,393.30712890625
2023-04-06,162.30860900878906,284.85406494140625,27.014549255371094,394.8414001464844
2023-04-10,159.7161865234375,282.69525146484375,27.556100845336914,395.24664306640625
2023-04-11,158.50375366210938,276.2870178222656,27.146438598632812,395.3528137207031
2023-04-12,157.81375122070312,276.9317321777344,26.472999572753906,393.7413330078125
2023-04-13,163.19578552246094,283.1347961425781,26.441024780273438,398.97125244140625
2023-04-14,162.8507843017578,279.5204162597656,26.735780715942383,397.9967041015625
2023-04-17,162.87045288085938,282.1188659667969,26.979576110839844,399.4248046875
2023-04-18,164.0927734375,281.6987609863281,27.644027709960938,399.6852722167969
2023-04-19,165.23622131347656,281.7769470214844,27.907804489135742,399.6177673339844
2023-04-20,164.2701873779297,279.4910583496094,27.08149528503418,397.43701171875
2023-04-21,162.66348266601562,279.1492004394531,27.096479415893555,397.7458190917969
2023-04-24,162.9690704345703,275.2514953613281,27.01954460144043,398.1607360839844
2023-04-25,161.43133544921875,269.04840087890625,26.21921157836914,391.8404235839844
2023-04-26,161.4214630126953,288.536865234375,26.933612823486328,390.1806640625
2023-04-27,166.00506591796875,297.7779846191406,27.203393936157227,397.9484558105469
2023-04-28,167.25692749023438,300.15185546875,27.72595977783203,401.3450012207031
2023-05-01,167.16822814941406,298.4911193847656,28.88599395751953,400.93975830078125
2023-05-02,166.13320922851562,298.34466552734375,28.18657112121582,396.4335021972656
2023-05-03,165.05880737304688,297.3579406738281,27.778911590576172,393.7123107910156
2023-05-04,163.4224395751953,298.34466552734375,27.539113998413086,390.9237060546875
2023-05-05,171.0913848876953,303.46337890625,28.65618324279785,398.1607360839844
2023-05-08,171.02239990234375,301.50958251953125,29.126792907714844,398.266845703125
2023-05-09,169.31710815429688,299.8978271484375,28.547273635864258,396.52032470703125
2023-05-10,171.08152770996094,305.0849914550781,28.861013412475586,398.3730163574219
2023-05-11,171.26878356933594,302.9358825683594,28.55426788330078,397.6783142089844
2023-05-12,170.34097290039062,301.822265625,28.316469192504883,397.1571960449219
2023-05-15,169.84742736816406,302.3009338378906,28.928951263427734,398.52740478515625
2023-05-16,169.84742736816406,304.5281677246094,29.188739776611328,395.86419677734375
2023-05-17,170.4593963623047,307.4064636230469,30.152938842773438,400.66949462890625
2023-05-18,172.78892517089844,311.8315734863281,31.651697158813477,404.5293273925781
2023-05-19,172.8975067138672,311.6553039550781,31.238037109375,403.9406433105469
2023-05-22,171.94989013671875,314.4356689453125,31.150110244750977,404.1047058105469
2023-05-23,169.343994140625,308.6399230957031,30.662513732910156,399.5695495605469
2023-05-24,169.62037658691406,307.2596130371094,30.51263999938965,396.67474365234375
2023-05-25,170.7555389404297,319.07611083984375,37.94845962524414,400.10992431640625
2023-05-26,173.16397094726562,325.8997802734375,38.913658142089844,405.2915954589844
2023-05-30,175.00985717773438,324.2550048828125,40.07769012451172,405.44598388671875
2023-05-31,174.9604949951172,321.4942626953125,37.802581787109375,403.1976623535156
2023-06-01,177.76380920410156,325.59625244140625,39.736976623535156,407.0284423828125
2023-06-02,178.61270141601562,328.3570861816406,39.294334411621094,412.91461181640625
2023-06-05,177.26039123535156,328.8857727050781,39.13847732543945,412.1233825683594
2023-06-06,176.89520263671875,326.6731872558594,38.621910095214844,413.0207214355469
2023-06-07,175.52313232421875,316.5894775390625,37.447750091552734,411.59259033203125
2023-06-08,178.23760986328125,318.429931640625,38.48200225830078,414.0821533203125
2023-06-09,178.62258911132812,319.92791748046875,38.7418098449707,414.82513427734375
2023-06-12,181.416015625,324.881591796875,39.45330047607422,418.58837890625
2023-06-13,180.9422149658203,327.2703552246094,40.99217987060547,421.34808349609375
2023-06-14,181.57395935058594,330.2563171386719,42.96574020385742,421.8498840332031
2023-06-15,183.6073455810547,340.79034423828125,42.62199783325195,427.0798645019531
2023-06-16,182.5314483642578,335.14154052734375,42.66096115112305,425.6250305175781
2023-06-20,182.62025451660156,330.951416015625,43.77614974975586,423.4168701171875
2023-06-21,181.5838165283203,326.5556945800781,43.013710021972656,421.24737548828125
2023-06-22,184.58457946777344,332.57659912109375,42.99372100830078,422.7679748535156
2023-06-23,184.2686767578125,327.98504638671875,42.178314208984375,419.57183837890625
2023-06-26,182.87692260742188,321.6998596191406,40.60245895385742,417.85760498046875
2023-06-27,185.630859375,327.54449462890625,41.84555435180664,422.4386901855469
2023-06-28,186.80552673339844,328.7976379394531,41.087100982666016,422.6517333984375
2023-06-29,187.14109802246094,328.0143737792969,40.79232406616211,424.3175354003906
2023-06-30,191.4645233154297,333.3891296386719,42.27124786376953,429.32476806640625
2023-07-03,189.97402954101562,330.8926696777344,42.38216018676758,429.81878662109375
2023-07-05,188.858642578125,331.04931640625,42.28623962402344,429.1795959472656
2023-07-06,189.33242797851562,334.10382080078125,42.0723876953125,425.81878662109375
2023-07-07,188.21701049804688,330.1388244628906,42.47209548950195,424.7437438964844
2023-07-10,186.17376708984375,324.86199951171875,42.14933776855469,425.81878662109375
2023-07-11,185.6505889892578,325.48858642578125,42.37416458129883,428.5306091308594
2023-07-12,187.31878662109375,330.1192626953125,43.87008285522461,431.9786376953125
2023-07-13,188.07882690429688,335.4646301269531,45.94357681274414,435.4071350097656
2023-07-14,188.22689819335938,337.99041748046875,45.43594741821289,435.13592529296875
2023-07-17,191.48426818847656,338.47015380859375,46.42721939086914,436.64678955078125
2023-07-18,191.22764587402344,351.94122314453125,47.459468841552734,439.891357421875
2023-07-19,192.5799560546875,347.6238098144531,47.04277420043945,440.86956787109375
2023-07-20,190.63539123535156,339.58624267578125,45.486907958984375,437.9446105957031
2023-07-21,189.46075439453125,336.5513000488281,44.27678680419922,437.9446105957031
2023-07-24,190.2602996826172,337.8631286621094,44.579559326171875,439.90106201171875
2023-07-25,191.11904907226562,343.6098937988281,45.645790100097656,441.1020202636719
2023-07-26,191.9876708984375,330.67730712890625,45.41895294189453,441.1697998046875
2023-07-27,190.72421264648438,323.77532958984375,45.866634368896484,438.2449035644531
2023-07-28,193.3004913330078,331.2646484375,46.71601104736328,442.53546142578125
2023-07-31,193.91249084472656,328.86614990234375,46.695030212402344,443.3780212402344
2023-08-01,193.08334350585938,329.2773132324219,46.47319412231445,442.1092224121094
2023-08-02,190.09249877929688,320.62298583984375,44.236812591552734,435.9591979980469
2023-08-03,188.70068359375,319.80059814453125,44.48263931274414,434.7098083496094
2023-08-04,179.63926696777344,320.8970642089844,44.647518157958984,432.74371337890625
2023-08-07,176.5398406982422,323.1781005859375,45.38398742675781,436.5209045410156
2023-08-08,177.47755432128906,319.203369140625,44.63153076171875,434.6225891113281
2023-08-09,175.88836669921875,315.463623046875,42.52306365966797,431.7170715332031
2023-08-10,175.6711883544922,316.14892578125,42.3571891784668,431.8720397949219
2023-08-11,175.73052978515625,314.26922607421875,40.825294494628906,431.6202087402344
2023-08-14,177.3811798095703,317.2356262207031,43.721195220947266,434.0028076171875
2023-08-15,175.39443969726562,315.1014099121094,43.90805435180664,428.9471435546875
2023-08-16,174.52464294433594,314.3361511230469,43.454383850097656,425.7994384765625
2023-08-17,171.9844207763672,310.8827819824219,43.31249237060547,422.5548400878906
2023-08-18,172.46875,310.4903869628906,43.267520904541016,422.75830078125
2023-08-21,173.80307006835938,315.7882080078125,46.93285369873047,425.50885009765625
2023-08-22,175.17698669433594,316.3571472167969,45.634796142578125,424.3563232421875
2023-08-23,179.0219268798828,320.81121826171875,47.081756591796875,429.0826721191406
2023-08-24,174.3368377685547,313.9142761230469,47.12871551513672,423.1360168457031
2023-08-25,176.541015625,316.8672790527344,45.98454284667969,426.1190490722656
2023-08-28,178.1027069091797,317.5737609863281,46.80094909667969,428.8211669921875
2023-08-29,181.98719787597656,322.19451904296875,48.74852752685547,435.01971435546875
2023-08-30,185.47628784179688,322.5674133300781,49.228179931640625,436.8114929199219
2023-08-31,185.6937255859375,321.55682373046875,49.319122314453125,436.1722106933594
2023-09-01,187.26531982421875,322.4398498535156,48.47373580932617,436.9858093261719
2023-09-05,187.50253295898438,327.2372741699219,48.5127067565918,435.0971984863281
2023-09-06,180.79119873046875,326.5799560546875,47.030662536621094,432.17230224609375
2023-09-07,175.50318908691406,323.66619873046875,46.211185455322266,430.84539794921875
2023-09-08,176.11595153808594,327.9436340332031,45.54262161254883,431.4943542480469
2023-09-11,177.28233337402344,331.54425048828125,45.148868560791016,434.3321228027344
2023-09-12,174.25778198242188,325.4909362792969,44.841068267822266,431.9494934082031
2023-09-13,172.19198608398438,329.6997375488281,45.4556770324707,432.4531555175781
2023-09-14,173.7042694091797,332.28985595703125,45.55161666870117,436.1819152832031
2023-09-15,172.9827117919922,323.97027587890625,43.871700286865234,430.92669677734375
2023-09-18,175.90841674804688,322.832275390625,43.937652587890625,431.17938232421875
2023-09-19,176.9956817626953,322.4300231933594,43.491943359375,430.2851867675781
2023-09-20,173.45713806152344,314.6990661621094,42.211769104003906,426.3294372558594
2023-09-21,171.91519165039062,313.48260498046875,40.990562438964844,419.2828674316406
2023-09-22,172.76524353027344,311.0103454589844,41.58317565917969,418.34014892578125
2023-09-25,174.04029846191406,311.5302734375,42.19478225708008,420.099365234375
2023-09-26,169.96804809570312,306.2325134277344,41.88398742675781,413.9275207519531
2023-09-27,168.4557342529297,306.87017822265625,42.44062042236328,414.0928039550781
2023-09-28,168.71275329589844,307.7041320800781,43.06121826171875,416.4934387207031
2023-09-29,169.2267303466797,309.77410888671875,43.470951080322266,415.4826354980469
2023-10-02,171.7373046875,315.709716796875,44.75312805175781,415.3174133300781
2023-10-03,170.4029083251953,307.4588317871094,43.48894500732422,409.7579650878906
2023-10-04,171.64833068847656,312.92340087890625,44.012611389160156,412.7417907714844
2023-10-05,172.8838653564453,313.3157958984375,44.65919494628906,412.5862731933594
2023-10-06,175.43399047851562,321.0662841796875,45.73249816894531,417.4847717285156
2023-10-09,176.91661071777344,323.5779113769531,45.24380874633789,420.1576232910156
2023-10-10,176.3235321044922,322.17498779296875,45.768470764160156,422.3444519042969
2023-10-11,177.7172088623047,326.12872314453125,46.775821685791016,424.07452392578125
2023-10-12,178.61668395996094,324.8924560546875,46.914737701416016,421.4892272949219
2023-10-13,176.7782440185547,321.5274353027344,45.43169021606445,419.3898010253906
2023-10-16,176.6497344970703,326.3445739746094,46.06528854370117,423.8023681640625
2023-10-17,175.09793090820312,325.7755126953125,43.909671783447266,423.7829895019531
2023-10-18,173.80307006835938,323.86236572265625,42.168792724609375,418.1360168457031
2023-10-19,173.4275360107422,325.0494689941406,42.07386016845703,414.46209716796875
2023-10-20,170.87738037109375,320.487548828125,41.360321044921875,409.3691711425781
2023-10-23,170.99598693847656,323.08734130859375,42.947296142578125,408.6596374511719
2023-10-24,171.4308624267578,324.2744140625,43.63484573364258,411.74066162109375
2023-10-25,169.11801147460938,334.2225036621094,41.7520637512207,405.831298828125
2023-10-26,164.95675659179688,321.6844482421875,40.30000305175781,400.9716491699219
2023-10-27,166.2713623046875,323.56805419921875,40.47389221191406,399.1541442871094
2023-10-30,168.31736755371094,330.9261169433594,41.13446807861328,403.9263610839844
2023-10-31,168.7918243408203,331.7110290527344,40.75371170043945,406.4631042480469
2023-11-01,171.9547576904297,339.5203552246094,42.29772186279297,410.79791259765625
2023-11-02,175.51304626464844,341.7277526855469,43.47795104980469,418.6706237792969
2023-11-03,174.6037139892578,346.1229248046875,44.975982666015625,422.4903259277344
2023-11-06,177.15379333496094,349.7823486328125,45.721500396728516,423.46221923828125
2023-11-07,179.7138214111328,353.7066955566406,45.92538070678711,424.66741943359375
2023-11-08,180.77142333984375,356.326171875,46.543975830078125,424.9784851074219
2023-11-09,180.2969970703125,353.86358642578125,46.91973876953125,421.6641540527344
2023-11-10,184.48348999023438,362.6737060546875,48.30384063720703,428.2441101074219
2023-11-13,182.89996337890625,359.7402038574219,48.588653564453125,427.8359069824219
2023-11-14,185.51280212402344,363.2622985839844,49.62398147583008,436.1362609863281
2023-11-15,186.07693481445312,363.4097900390625,48.856483459472656,437.0595703125
2023-11-16,187.75946044921875,369.79974365234375,49.44810104370117,437.59417724609375
2023-11-17,187.73968505859375,363.58673095703125,49.2662239074707,438.1383972167969
2023-11-20,189.4815673828125,371.0481872558594,50.37650680541992,441.51104736328125
2023-11-21,188.679931640625,366.752197265625,49.911800384521484,440.5487976074219
2023-11-22,189.34303283691406,371.4512634277344,48.68458938598633,442.2497253417969
2023-11-24,188.01678466796875,371.0383605957031,47.745201110839844,442.52178955078125
2023-11-27,187.83863830566406,372.1983642578125,48.210899353027344,441.7248840332031
2023-11-28,188.44236755371094,376.2191467285156,47.790164947509766,442.1622314453125
2023-11-29,187.42295837402344,372.4343566894531,48.10896682739258,441.8511962890625
2023-11-30,187.9969940185547,372.4932556152344,46.73985290527344,443.5909729003906
2023-12-01,189.2737579345703,368.1678466796875,46.7348518371582,446.2152099609375
2023-12-04,187.48233032226562,362.8887939453125,45.48065948486328,443.8728942871094
2023-12-05,191.43130493164062,366.21148681640625,46.54007339477539,443.78533935546875
2023-12-06,190.34263610839844,362.5544738769531,45.4776611328125,441.99700927734375
2023-12-07,192.2725830078125,364.6680908203125,46.57005310058594,445.3696594238281
2023-12-08,193.69781494140625,367.8926086425781,47.47954559326172,447.2843322753906
2023-12-11,191.1938018798828,365.0121765136719,46.601036071777344,449.0240478515625
2023-12-12,192.7080535888672,368.0400390625,47.630470275878906,451.0748291015625
2023-12-13,195.9246368408203,368.0302429199219,48.06122970581055,457.29522705078125
2023-12-14,196.0731201171875,359.7331237792969,48.32307815551758,458.762939453125
2023-12-15,195.53866577148438,364.4518127441406,48.86277770996094,458.0075378417969
2023-12-18,193.8759307861328,366.33929443359375,50.04911422729492,460.5838623046875
2023-12-19,194.9151153564453,366.9389953613281,49.576377868652344,463.38458251953125
2023-12-20,192.82681274414062,364.3436584472656,48.08420944213867,456.96337890625
2023-12-21,192.6783447265625,367.2142639160156,48.96271896362305,461.2962646484375
2023-12-22,191.60948181152344,368.2366027832031,48.80281066894531,462.2232971191406
2023-12-26,191.06512451171875,368.3153076171875,49.251556396484375,464.175048828125
2023-12-27,191.16409301757812,367.7352600097656,49.38948440551758,465.0143127441406
2023-12-28,191.5896453857422,368.9248352050781,49.49443054199219,465.1899719238281
2023-12-29,190.5504913330078,369.67193603515625,49.49443054199219,463.8432312011719
2024-01-02,183.73130798339844,364.5894775390625,48.14117431640625,461.2474365234375
2024-01-03,182.3555908203125,364.32403564453125,47.54251480102539,457.4805908203125
2024-01-04,180.03964233398438,361.7091064453125,47.971275329589844,456.0069885253906
2024-01-05,179.31716918945312,361.5223083496094,49.06966018676758,456.6316223144531
2024-01-08,183.65213012695312,368.3447570800781,52.223907470703125,463.15045166015625
2024-01-09,183.23646545410156,369.4261169433594,53.11041259765625,462.4478454589844
2024-01-10,184.27566528320312,376.2879333496094,54.31973648071289,465.0631408691406
2024-01-11,183.68182373046875,378.1164855957031,54.791473388671875,464.8582458496094
2024-01-12,184.0084228515625,381.89141845703125,54.67953872680664,465.18023681640625
2024-01-16,181.74195861816406,383.66094970703125,56.350608825683594,463.4724426269531
2024-01-17,180.80172729492188,382.87451171875,56.021793365478516,460.8961486816406
2024-01-18,186.69056701660156,387.199951171875,57.07520294189453,464.9947814941406
2024-01-19,189.5904541015625,391.9187316894531,59.4578742980957,470.79150390625
2024-01-22,191.89649963378906,389.7952880859375,59.62078857421875,471.7868957519531
2024-01-23,193.17320251464844,392.1448059082031,59.839664459228516,473.16290283203125
2024-01-24,192.5001983642578,395.7427978515625,61.32783508300781,473.68011474609375
2024-01-25,192.17361450195312,398.013671875,61.58269119262695,476.25640869140625
2024-01-26,190.44161987304688,397.089599609375,60.99701690673828,475.6513671875
2024-01-29,189.7587127685547,402.78155517578125,62.43022155761719,479.4182434082031
2024-01-30,186.1066436767578,401.6706848144531,62.73904037475586,479.0474548339844
2024-01-31,182.50405883789062,390.8471374511719,61.49273681640625,471.2306213378906
2024-02-01,184.9387664794922,396.942138671875,62.99190902709961,477.398193359375
2024-02-02,183.93914794921875,404.25616455078125,66.12316131591797,482.4239807128906
2024-02-05,185.75033569335938,398.78045654296875,69.29340362548828,480.6673583984375
2024-02-06,187.35366821289062,398.6231689453125,68.18501281738281,482.0628662109375
2024-02-07,187.46255493164062,407.0382080078125,70.0599594116211,486.08349609375
2024-02-08,186.38375854492188,407.09716796875,69.60221099853516,486.2981872558594
2024-02-09,187.1468048095703,413.4281311035156,72.09284973144531,489.10870361328125
2024-02-12,185.4621124267578,408.2277526855469,72.20777130126953,488.8940124511719
2024-02-13,183.3711395263672,399.4391784667969,72.08784484863281,482.16046142578125
2024-02-14,182.48919677734375,403.29986572265625,73.8588638305664,486.54217529296875
2024-02-15,182.2018280029297,400.41412353515625,72.61754608154297,489.899169921875
2024-02-16,180.66578674316406,397.9519348144531,72.57256317138672,487.4595031738281
2024-02-20,179.9225616455078,396.70111083984375,69.413330078125,484.77581787109375
2024-02-21,180.67568969726562,396.10040283203125,67.43444061279297,485.2149353027344
2024-02-22,182.7072296142578,405.42718505859375,78.49427032470703,495.2566833496094
2024-02-23,180.87391662597656,404.13702392578125,78.77310943603516,495.5982666015625
2024-02-26,179.52615356445312,401.37939453125,79.0479736328125,493.7831115722656
2024-02-27,180.98289489746094,401.32025146484375,78.65718078613281,494.7004699707031
2024-02-28,179.78382873535156,401.5566101074219,77.61976623535156,494.046630859375
2024-02-29,179.11984252929688,407.3871765136719,79.06795501708984,495.8227233886719
2024-03-01,178.03968811035156,409.21905517578125,82.23318481445312,500.4776306152344
2024-03-04,173.52081298828125,408.6478271484375,85.18952941894531,499.94091796875
2024-03-05,168.58572387695312,396.563232421875,85.920166015625,494.9444580078125
2024-03-06,167.5947265625,396.0117492675781,88.65476989746094,497.45245361328125
2024-03-07,167.47581481933594,402.9552001953125,92.62173461914062,502.3903503417969
2024-03-08,169.19021606445312,400.0793151855469,87.48336791992188,499.37493896484375
2024-03-11,171.19198608398438,398.4049987792969,85.73025512695312,498.9455261230469
2024-03-12,171.66766357421875,409.00238037109375,91.86613464355469,504.3128967285156
2024-03-13,169.5866241455078,408.8250732421875,90.8416519165039,503.5223693847656
2024-03-14,171.43975830078125,418.7921142578125,87.89915466308594,502.5269775390625
2024-03-15,171.0631561279297,410.1250915527344,87.79220581054688,499.0763244628906
2024-03-18,172.15325927734375,411.0115051269531,88.40989685058594,502.0423889160156
2024-03-19,174.49197387695312,415.0396728515625,89.3524169921875,504.8323059082031
2024-03-20,177.05860900878906,418.8019104003906,90.32592010498047,509.5016784667969
2024-03-21,169.82443237304688,422.87933349609375,91.38836669921875,511.1854553222656
2024-03-22,170.72625732421875,422.2589111328125,94.24092102050781,510.21636962890625
2024-03-25,169.3091583251953,416.4678039550781,94.95354461669922,508.8066711425781
2024-03-26,168.17942810058594,415.2760009765625,92.51380920410156,507.8669128417969
2024-03-27,171.7469482421875,415.0594177246094,90.2039794921875,512.1348266601562
2024-03-28,169.93344116210938,414.360107421875,90.30992126464844,512.037109375
2024-04-01,168.49655151367188,418.15191650390625,90.3169174194336,511.1462097167969
2024-04-02,167.3172607421875,415.0691833496094,89.40638732910156,507.8962707519531
2024-04-03,168.11996459960938,414.0942077636719,88.91863250732422,508.45428466796875
2024-04-04,167.29745483398438,411.5630798339844,85.8611831665039,502.24798583984375
2024-04-05,168.05059814453125,419.0875244140625,87.963134765625,507.49493408203125
2024-04-08,166.93080139160156,418.171630859375,87.08856201171875,507.7788391113281
2024-04-09,168.13980102539062,419.8360595703125,85.31046295166016,508.3661193847656
2024-04-10,166.266845703125,416.8617248535156,86.99461364746094,503.2758483886719
2024-04-11,173.46133422851562,421.4610900878906,90.56977844238281,507.07403564453125
2024-04-12,174.9577178955078,415.5223083496094,88.14102935791016,500.0747985839844
2024-04-15,171.13255310058594,407.3871765136719,85.95714569091797,493.8098449707031
2024-04-16,167.85238647460938,408.3128967285156,87.37042999267578,492.9092102050781
2024-04-17,166.48484802246094,405.6143493652344,83.99214172363281,489.9920654296875
2024-04-18,165.5334930419922,398.1588134765625,84.6278076171875,488.98382568359375
2024-04-19,163.5118865966797,393.0866394042969,76.16114807128906,484.7157897949219
2024-04-22,164.34432983398438,394.8988342285156,79.47744750976562,489.17962646484375
2024-04-23,165.39474487304688,401.40887451171875,82.38097381591797,494.9844665527344
2024-04-24,167.4956512451172,402.8763732910156,79.63636779785156,494.74957275390625
2024-04-25,168.3577880859375,393.00787353515625,82.58985900878906,492.8700866699219
2024-04-26,167.77313232421875,400.1778259277344,87.69026947021484,497.53948974609375
2024-04-29,171.93527221679688,396.1693115234375,87.7122573852539,499.3014831542969
2024-04-30,168.79383850097656,383.444580078125,86.35795593261719,491.3919372558594
2024-05-01,167.77313232421875,388.9698181152344,82.99864196777344,489.79632568359375
2024-05-02,171.46946716308594,391.82598876953125,85.77323913574219,494.3775939941406
2024-05-03,181.7261505126953,400.51263427734375,88.74372100830078,500.50555419921875
2024-05-06,180.07119750976562,407.28863525390625,92.093017578125,505.6741638183594
2024-05-07,180.75497436523438,403.1521301269531,90.50782012939453,506.2321472167969
2024-05-08,181.09190368652344,404.333984375,90.36591339111328,506.2810974121094
2024-05-09,182.90541076660156,406.0870666503906,88.70175170898438,509.1982116699219
2024-05-10,181.6451416015625,408.4704895019531,89.83216094970703,509.85418701171875
2024-05-13,184.85035705566406,407.4659423828125,90.35291290283203,509.9225769042969
2024-05-14,185.9915313720703,410.26300048828125,91.30941772460938,512.26220703125
2024-05-15,188.26397705078125,417.43597412109375,94.58174133300781,518.6055297851562
2024-05-16,188.38304138183594,415.37384033203125,94.31088256835938,517.53857421875
2024-05-17,188.41281127929688,414.6042785644531,92.43183135986328,518.2825317382812
2024-05-20,189.57382202148438,419.6658935546875,94.73167419433594,518.879638671875
2024-05-21,190.873779296875,423.3165283203125,95.33736419677734,520.1522827148438
2024-05-22,189.43492126464844,424.7767333984375,94.90158081054688,518.6546020507812
2024-05-23,185.44573974609375,421.3037109375,103.74607849121094,514.8662109375
2024-05-24,188.52197265625,424.42156982421875,106.41471099853516,518.2727661132812
2024-05-28,188.53189086914062,424.5794372558594,113.84291076660156,518.635009765625
2024-05-29,188.82960510253906,423.44482421875,114.76644134521484,515.0031127929688
2024-05-30,189.82191467285156,409.1382141113281,110.44364929199219,511.58673095703125
2024-05-31,190.77455139160156,409.59210205078125,109.57709503173828,516.246337890625
2024-06-03,192.54087829589844,408.0035400390625,114.94134521484375,516.6673583984375
2024-06-04,192.85842895507812,410.5195617675781,116.37762451171875,517.2449340820312
2024-06-05,194.3667755126953,418.35357666015625,122.37757110595703,523.392333984375
2024-06-06,192.9874267578125,418.8568420410156,120.93629455566406,523.3826293945312
2024-06-07,195.3789520263672,418.19573974609375,120.82635498046875,522.746337890625
2024-06-10,191.6378631591797,422.162109375,121.72789764404297,524.3613891601562
2024-06-11,205.56021118164062,426.9079284667969,120.85828399658203,525.6243286132812
2024-06-12,211.43478393554688,435.1761779785156,125.14643859863281,529.9413452148438
2024-06-13,212.59579467773438,435.6892395019531,129.55455017089844,531.00830078125
2024-06-14,210.85919189453125,436.6660461425781,131.82357788085938,531.3314819335938
2024-06-17,215.00714111328125,442.3886413574219,130.92396545410156,535.5601806640625
2024-06-18,212.64540100097656,440.3857116699219,135.52198791503906,536.9208374023438
2024-06-20,208.07077026367188,439.7543029785156,130.7240447998047,535.4623413085938
2024-06-21,205.89759826660156,443.7798156738281,126.51585388183594,534.744384765625
2024-06-24,206.54258728027344,441.697998046875,118.05946350097656,533.0061645507812
2024-06-25,207.46548461914062,444.9342346191406,126.03604888916016,535.0587768554688
2024-06-26,211.61338806152344,446.1280822753906,126.3459243774414,535.7265625
2024-06-27,212.4568634033203,446.8088684082031,123.93695831298828,536.571044921875
2024-06-28,209.00355529785156,440.9875793457031,123.48714447021484,534.4595947265625
2024-07-01,215.08651733398438,450.6371154785156,124.246826171875,535.5595703125
2024-07-02,218.5795135498047,453.153076171875,122.61752319335938,539.1637573242188
2024-07-03,219.8496856689453,454.62322998046875,128.22511291503906,541.5698852539062
2024-07-05,224.60292053222656,461.32269287109375,125.77617645263672,544.6927490234375
2024-07-08,226.07154846191406,460.0202331542969,128.1451416015625,545.3212890625
2024-07-09,226.92495727539062,453.4096374511719,131.3238067626953,545.8515014648438
2024-07-10,231.19195556640625,460.0301208496094,134.852294921875,551.2529907226562
2024-07-11,225.823486328125,448.63421630859375,127.34550476074219,546.499755859375
2024-07-12,228.77069091796875,447.4994812011719,129.18472290039062,549.9468383789062
2024-07-15,232.60107421875,447.904052734375,128.3850555419922,551.459228515625
2024-07-16,233.01783752441406,443.5232849121094,126.30593872070312,554.7294311523438
2024-07-17,227.12342834472656,437.60333251953125,117.93950653076172,546.9514770507812
2024-07-18,222.45948791503906,434.4953918457031,121.03819274902344,542.7483520507812
2024-07-19,222.5885009765625,431.2788391113281,117.87955474853516,539.1441040039062
2024-07-22,222.24119567871094,437.03106689453125,123.48714447021484,544.7026977539062
2024-07-23,223.28314208984375,438.9156188964844,122.53755187988281,543.8482666015625
2024-07-24,216.86277770996094,423.1783447265625,114.20111846923828,531.5232543945312
2024-07-25,215.82083129882812,412.8184509277344,112.2319564819336,528.7537841796875
2024-07-26,216.2872314453125,419.5968017578125,113.01163482666016,534.6757202148438
2024-07-29,216.5651092529297,421.0373229980469,111.54224395751953,534.9899291992188
2024-07-30,217.1207733154297,417.2781982421875,103.68562316894531,532.2794799804688
2024-07-31,220.3756103515625,412.7691345214844,116.96992492675781,540.9314575195312
2024-08-01,216.68418884277344,411.545654296875,109.16327667236328,533.2713623046875
2024-08-02,218.17263793945312,403.0406494140625,107.2240982055664,523.3427734375
2024-08-05,207.66392517089844,389.8785705566406,100.40702819824219,508.10107421875
2024-08-06,205.63958740234375,394.2790832519531,104.20539855957031,512.7855224609375
2024-08-07,208.20970153808594,393.1148376464844,98.86768341064453,509.3580322265625
2024-08-08,211.6728973388672,397.31805419921875,104.92508697509766,521.1329956054688
2024-08-09,214.5804443359375,400.6036071777344,104.70519256591797,523.4310302734375
2024-08-12,216.1103973388672,401.3830871582031,108.97335052490234,523.7060546875
2024-08-13,219.8260040283203,408.48699951171875,116.0903091430664,532.3187255859375
2024-08-14,220.2730255126953,411.2989807128906,118.02948760986328,533.9981079101562
2024-08-15,223.2534637451172,416.162109375,122.80743408203125,543.15087890625
2024-08-16,224.57479858398438,413.6316833496094,124.52670288085938,544.3687133789062
2024-08-19,224.4158477783203,416.65631103515625,129.9443817138672,549.5736694335938
2024-08-20,225.0317840576172,419.8885192871094,127.19557189941406,548.679931640625
2024-08-21,224.92250061035156,419.2361755371094,128.4450225830078,550.5654907226562
2024-08-22,223.064697265625,410.74542236328125,123.68705749511719,546.244384765625
2024-08-23,225.35963439941406,411.97113037109375,129.3146514892578,552.0484619140625
2024-08-26,225.69740295410156,408.70928955078125,126.40589141845703,550.7324829101562
2024-08-27,226.5418701171875,409.0552673339844,128.2451171875,551.4886474609375
2024-08-28,225.01193237304688,405.8526916503906,125.55626678466797,548.287109375
2024-08-29,228.29037475585938,408.34356689453125,117.53968811035156,548.336181640625
2024-08-30,227.50552368164062,412.31707763671875,119.31893920898438,553.5706176757812
2024-09-03,221.3162078857422,404.70611572265625,107.95379638671875,542.1787109375
2024-09-04,219.40872192382812,404.17236328125,106.16455078125,541.0689697265625
2024-09-05,220.92874145507812,403.66827392578125,107.16413116455078,539.7529907226562
2024-09-06,219.37890625,397.05560302734375,102.78600311279297,530.6688842773438
2024-09-09,219.4683380126953,401.0291442871094,106.42444610595703,536.6103515625
2024-09-10,218.67355346679688,409.41107177734375,108.05374145507812,538.94775390625
2024-09-11,221.20693969726562,418.14886474609375,116.8599853515625,544.4767456054688
2024-09-12,221.3162078857422,422.0630798339844,119.0992202758789,549.06298828125
2024-09-13,221.04795837402344,425.611572265625,119.0592269897461,551.9305419921875
2024-09-16,214.90829467773438,426.3529052734375,116.74002075195312,552.7456665039062
2024-09-17,215.37521362304688,430.11883544921875,115.55043029785156,552.9715576171875
2024-09-18,219.24977111816406,425.82904052734375,113.33119201660156,551.3316650390625
2024-09-19,227.3763885498047,433.6179504394531,117.82964324951172,560.7396850585938
2024-09-20,226.71075439453125,430.2374267578125,115.96028900146484,559.7703857421875
2024-09-23,224.9920654296875,428.4978332519531,116.22020721435547,561.169189453125
2024-09-24,225.88616943359375,424.2080383300781,120.82862091064453,562.77490234375
2024-09-25,224.89268493652344,427.11395263671875,123.46772003173828,561.5337524414062
2024-09-26,226.03521728515625,426.3232421875,123.9975357055664,563.7599487304688
2024-09-27,226.3034210205078,423.0712890625,121.35844421386719,562.9423217773438
2024-09-30,231.47943115234375,425.324951171875,121.39842987060547,565.1981201171875
2024-10-01,224.73377990722656,415.8260498046875,116.9599380493164,560.1348266601562
2024-10-02,225.30003356933594,412.3072204589844,118.80931854248047,560.3712768554688
2024-10-03,224.19725036621094,411.7240295410156,122.80794525146484,559.3468017578125
2024-10-04,225.31988525390625,411.2495422363281,124.87724304199219,564.4297485351562
2024-10-07,220.2432403564453,404.8049621582031,127.67628479003906,559.3270874023438
2024-10-08,224.29660034179688,409.9151611328125,132.84449768066406,564.616943359375
2024-10-09,228.04197692871094,412.63336181640625,132.60458374023438,568.5277709960938
2024-10-10,227.54525756835938,411.0321350097656,134.76385498046875,567.5327758789062
2024-10-11,226.0650177001953,411.50653076171875,134.7538604736328,570.931396484375
2024-10-14,229.79052734375,414.2939453125,138.0227508544922,575.6006469726562
2024-10-15,232.3238983154297,413.8985595703125,131.55496215820312,571.12841796875
2024-10-16,230.2673797607422,411.308837890625,135.6735382080078,573.6107788085938
2024-10-17,230.6349639892578,411.9019470214844,136.8831329345703,573.659912109375
2024-10-18,233.4663543701172,413.3253173828125,137.9527587890625,575.8666381835938
2024-10-21,234.93670654296875,413.9381103515625,143.6608123779297,574.9208984375
2024-10-22,234.32077026367188,422.56719970703125,143.5408477783203,574.6155395507812
2024-10-23,229.25404357910156,419.6908264160156,139.51222229003906,569.364990234375
2024-10-24,229.0653076171875,419.8193054199219,140.3619384765625,570.596435546875
2024-10-25,229.89981079101562,423.19976806640625,141.49154663085938,570.3993530273438
2024-10-28,231.8768310546875,421.6578369140625,140.47189331054688,572.1627197265625
2024-10-29,232.1450958251953,426.9558410644531,141.20164489746094,573.0886840820312
2024-10-30,228.59835815429688,427.5291748046875,139.29229736328125,571.3549194335938
2024-10-31,224.4357147216797,401.6518859863281,132.7145538330078,560.1546020507812
2024-11-01,221.45529174804688,405.6253662109375,135.35365295410156,562.518798828125
2024-11-04,220.56114196777344,403.7374267578125,136.00343322753906,561.30712890625
2024-11-05,221.9917449951172,406.7027587890625,139.8621063232422,568.0942993164062
2024-11-06,221.26649475097656,415.3219299316406,145.56015014648438,582.2202758789062
2024-11-07,225.99545288085938,420.51123046875,148.8290557861328,586.72216796875
2024-11-08,225.7269287109375,417.6546325683594,147.57945251464844,589.2636108398438
2024-11-11,223.01174926757812,413.1770324707031,145.21026611328125,589.8251342773438
2024-11-12,223.01174926757812,418.1390075683594,148.2392120361328,587.9928588867188
2024-11-13,223.89691162109375,420.2839050292969,146.2199249267578,588.2784423828125
2024-11-14,226.98007202148438,421.9543762207031,146.7097625732422,584.495849609375
2024-11-15,223.77757263183594,410.2018127441406,141.93138122558594,577.00927734375
2024-11-18,226.78115844726562,410.9530944824219,140.1020050048828,579.3734741210938
2024-11-19,227.03973388671875,412.9595947265625,146.9596710205078,581.4913940429688
2024-11-20,227.75584411621094,410.6861267089844,145.84005737304688,581.6883544921875
2024-11-21,227.2784423828125,408.9132995605469,146.6197967529297,584.81103515625
2024-11-22,228.62112426757812,413.0037536621094,141.9014129638672,586.6235961914062
2024-11-25,231.6048126220703,414.776611328125,135.9734344482422,588.613525390625
2024-11-26,233.7829132080078,423.888427734375,136.87313842773438,591.6868896484375
2024-11-27,233.6536102294922,418.9363098144531,135.2936553955078,589.8941040039062
2024-11-29,236.0405731201172,419.4018249511719,138.2026824951172,593.5586547851562
2024-12-02,238.2882843017578,426.8497314453125,138.58255004882812,594.6224365234375
2024-12-03,241.33168029785156,427.0676574707031,140.2119903564453,594.8982543945312
2024-12-04,241.68972778320312,433.22802734375,145.09033203125,598.59228515625
2024-12-05,241.7195587158203,438.3782043457031,145.0203399658203,597.6071166992188
2024-12-06,241.5206298828125,439.3191223144531,142.40106201171875,598.7401123046875
2024-12-09,245.40940856933594,441.7456359863281,138.77203369140625,595.65673828125
2024-12-10,246.42385864257812,439.0814208984375,135.03306579589844,593.8048706054688
2024-12-11,245.1508026123047,444.68719482421875,139.2718963623047,598.395263671875
2024-12-12,246.61282348632812,445.251708984375,137.3024444580078,595.3120727539062
2024-12-13,246.7819061279297,442.9836120605469,134.21328735351562,595.1937255859375
2024-12-16,249.67608642578125,447.26226806640625,131.96389770507812,597.7352905273438
2024-12-17,252.1028289794922,450.104736328125,130.35433959960938,595.2726440429688
2024-12-18,246.7023468017578,433.1983337402344,128.874755859375,577.5313720703125
2024-12-19,248.43289184570312,432.841796875,130.6442413330078,577.35400390625
2024-12-20,253.10736083984375,432.4159240722656,134.6631622314453,584.2886352539062
2024-12-23,253.88311767578125,431.078857421875,139.6317901611328,587.7875366210938
2024-12-24,256.7972412109375,435.1197509765625,140.18165588378906,594.32080078125
2024-12-26,257.61273193359375,433.9114074707031,139.89173889160156,594.3603515625
2024-12-27,254.20135498046875,426.4040832519531,136.97251892089844,588.1038208007812
2024-12-30,250.82977294921875,420.7586975097656,137.452392578125,581.392578125
2024-12-31,249.05946350097656,417.4606018066406,134.25328063964844,579.2774658203125
